G_ID,AWAY_R,AWAY_H,AWAY_E,AWAY_B,HOME_R,HOME_H,HOME_E,HOME_B
20180324HHWO0,3,13,1,1,6,12,1,4
20180324KTHT0,5,11,0,1,4,12,0,4
20180324LGNC0,2,7,0,1,4,9,0,4
20180324LTSK0,5,7,2,6,6,8,3,7
20180324SSOB0,6,13,1,5,3,6,0,0
20180325HHWO0,4,11,0,3,1,5,0,2
20180325KTHT0,1,7,0,0,14,16,0,4
20180325LGNC0,1,3,3,5,7,8,0,9
20180325LTSK0,0,5,0,1,5,9,1,5
20180325SSOB0,4,6,1,1,5,8,0,4
20180327HHNC0,6,10,1,7,9,9,0,5
20180327KTSK0,5,8,2,2,8,14,2,4
20180327LGWO0,4,10,1,4,5,14,0,4
20180327LTOB0,0,3,0,2,5,7,0,8
20180327SSHT0,0,6,0,2,17,14,0,10
20180328HHNC0,6,10,0,4,2,5,2,4
20180328KTSK0,8,15,1,4,5,9,2,1
20180328LGWO0,9,13,0,3,3,4,2,7
20180328LTOB0,5,10,2,5,6,5,1,7
20180328SSHT0,6,14,0,2,0,5,1,3
20180329HHNC0,1,6,2,2,4,10,1,4
20180329KTSK0,7,12,0,2,1,7,0,1
20180329LGWO0,4,11,0,6,9,12,1,6
20180329LTOB0,1,4,1,4,4,9,1,2
20180329SSHT0,0,3,0,6,7,13,0,5
20180330HTLG0,4,10,1,3,3,10,0,4
20180330NCLT0,7,10,1,2,5,6,1,2
20180330OBKT0,6,11,1,5,2,7,0,1
20180330SKHH0,8,6,0,6,4,9,1,2
20180330WOSS0,10,19,2,8,8,14,0,5
20180331HTLG0,4,6,1,3,6,9,0,1
20180331NCLT0,10,14,0,6,5,9,0,5
20180331OBKT0,8,13,2,3,20,22,0,7
20180331SKHH0,12,13,0,7,1,8,1,4
20180331WOSS0,4,9,0,6,2,7,0,2
20180401HTLG0,5,9,0,5,6,10,0,5
20180401NCLT0,2,7,1,2,3,10,0,3
20180401OBKT0,4,10,1,3,9,13,0,5
20180401SKHH0,13,15,0,6,1,4,1,0
20180401WOSS0,5,9,1,6,6,14,2,5
20180403HTSK0,3,5,0,3,13,14,1,6
20180403KTWO0,7,11,0,3,1,6,1,4
20180403LGOB0,4,16,1,8,5,12,0,3
20180403LTHH0,11,15,2,6,17,11,2,9
20180403SSNC0,3,11,0,6,4,8,2,1
20180404HTSK0,9,19,0,2,6,7,1,4
20180404KTWO0,2,5,0,1,10,12,0,3
20180404LGOB0,3,12,0,1,6,10,0,7
20180404LTHH0,6,12,1,4,7,10,1,8
20180404SSNC0,1,4,0,4,4,9,1,3
20180405KTWO0,3,6,0,2,4,7,0,5
20180405SSNC0,4,13,1,1,1,7,1,1
20180406LGLT0,14,14,1,9,6,9,0,5
20180406WOHT0,5,13,1,0,11,16,1,7
20180407HHKT0,2,8,1,1,10,10,1,11
20180407LGLT0,2,9,0,5,7,13,0,7
20180407NCOB0,3,8,1,2,6,7,1,9
20180407SSSK0,3,9,1,1,4,7,3,5
20180407WOHT0,1,10,1,3,5,9,0,3
20180408HHKT0,12,14,0,7,8,10,2,7
20180408LGLT0,4,7,4,4,2,7,1,1
20180408NCOB0,10,13,2,4,11,14,0,12
20180408SSSK0,12,11,0,8,4,10,2,4
20180408WOHT0,3,13,0,2,4,9,0,0
20180410HTHH0,3,8,0,1,4,7,0,6
20180410KTNC0,5,8,1,1,4,5,1,3
20180410OBSS0,8,12,0,2,1,4,4,1
20180410SKLG0,4,12,2,5,1,6,1,4
20180410WOLT0,3,6,1,7,4,11,0,4
20180411HTHH0,4,7,1,3,6,11,1,5
20180411KTNC0,12,21,0,4,4,7,3,2
20180411OBSS0,7,10,0,6,6,14,1,2
20180411SKLG0,0,3,0,2,3,7,0,1
20180411WOLT0,0,2,0,1,12,17,0,5
20180412HTHH0,4,7,1,3,15,17,0,4
20180412KTNC0,7,13,3,3,2,6,1,2
20180412OBSS0,9,17,0,1,3,7,0,5
20180412SKLG0,4,7,2,2,5,9,1,3
20180412WOLT0,5,9,0,4,3,9,0,3
20180413KTLG0,1,5,1,4,3,3,0,2
20180413LTHT0,8,11,3,5,4,4,0,3
20180413NCSK0,2,7,0,1,4,10,2,6
20180413OBWO0,12,12,0,9,0,2,1,1
20180413SSHH0,4,11,1,2,2,5,3,3
20180414KTLG0,0,6,2,3,8,13,0,1
20180414NCSK0,0,3,0,2,7,12,0,3
20180414OBWO0,6,9,0,0,7,10,0,3
20180414SSHH0,2,6,1,6,14,17,0,3
20180415KTLG0,8,13,1,6,11,16,0,4
20180415NCSK0,2,12,0,4,3,12,0,1
20180415OBWO0,3,8,0,5,2,4,0,7
20180415SSHH0,4,11,1,2,7,10,0,7
20180417HHOB0,5,12,0,3,2,7,0,1
20180417LGHT0,4,8,1,6,5,11,2,6
20180417NCWO0,3,9,0,2,2,8,0,5
20180417SKKT0,9,17,1,5,5,11,1,5
20180417SSLT0,11,13,2,7,6,11,2,5
20180418HHOB0,4,13,1,6,5,7,0,6
20180418LGHT0,3,10,0,3,4,8,1,5
20180418NCWO0,1,2,0,0,0,2,0,1
20180418SKKT0,8,13,0,3,3,9,1,3
20180418SSLT0,7,15,0,6,9,13,1,4
20180419HHOB0,2,7,0,3,5,11,0,3
20180419LGHT0,4,8,0,1,8,12,1,2
20180419NCWO0,3,6,1,4,6,11,0,4
20180419SKKT0,6,7,0,2,5,13,0,4
20180419SSLT0,6,13,0,9,0,8,3,3
20180420HTOB0,4,7,0,5,6,10,1,5
20180420KTSS0,5,12,0,5,4,11,1,0
20180420LGNC0,9,14,2,2,4,8,0,2
20180420SKLT0,5,7,0,8,10,12,0,7
20180420WOHH0,6,13,0,5,1,8,1,1
20180421HTOB0,5,9,0,5,10,13,1,4
20180421KTSS0,1,7,0,1,4,9,1,7
20180421LGNC0,6,12,1,4,3,5,0,5
20180421SKLT0,3,9,0,3,4,8,1,2
20180421WOHH0,4,9,0,4,3,8,0,2
20180422HTOB0,14,22,2,4,4,10,2,2
20180422KTSS0,6,11,2,2,4,8,1,5
20180422LGNC0,5,9,0,5,4,13,1,3
20180422SKLT0,10,13,0,9,4,9,0,2
20180422WOHH0,10,15,0,3,1,5,1,0
20180424LTKT0,14,17,2,7,8,10,1,6
20180424NCSS0,2,5,1,1,7,7,0,7
20180424OBSK0,10,11,0,5,9,13,1,8
20180424WOLG0,2,7,1,7,8,10,2,6
20180425HHHT0,3,6,1,2,2,7,1,0
20180425LTKT0,5,16,0,2,4,12,1,4
20180425NCSS0,9,13,0,6,2,9,0,1
20180425OBSK0,6,12,2,2,7,12,1,6
20180425WOLG0,1,6,1,3,2,9,0,1
20180426HHHT0,3,7,1,3,1,10,1,3
20180426LTKT0,2,4,1,2,5,7,0,5
20180426NCSS0,5,9,0,2,2,8,1,4
20180426OBSK0,4,10,0,3,5,8,0,8
20180426WOLG0,1,3,0,7,11,17,1,7
20180427HHLT0,3,12,1,0,5,9,0,4
20180427HTKT0,8,15,0,4,3,6,0,3
20180427OBNC0,6,9,0,4,2,6,1,4
20180427SKWO0,8,10,0,3,3,10,0,2
20180427SSLG0,2,7,0,5,9,15,1,2
20180428HHLT0,4,6,2,5,2,9,0,2
20180428HTKT0,2,10,0,1,9,13,1,3
20180428OBNC0,1,7,0,2,5,10,1,1
20180428SKWO0,6,11,3,2,4,8,3,1
20180428SSLG0,4,8,1,8,6,9,1,6
20180429HHLT0,3,12,1,4,4,7,1,5
20180429HTKT0,3,7,1,4,5,9,0,0
20180429OBNC0,7,12,0,2,1,6,2,3
20180429SKWO0,5,10,1,7,8,17,2,3
20180429SSLG0,8,18,1,0,7,15,1,2
20180501HTLT0,0,7,0,3,4,13,1,3
20180501KTOB0,2,7,0,1,4,9,1,2
20180501LGHH0,5,9,1,3,6,11,2,4
20180501SKSS0,12,17,0,5,3,8,0,0
20180501WONC0,13,17,1,3,4,9,0,10
20180502HTLT0,12,17,1,8,6,12,6,3
20180502LGHH0,3,7,1,0,4,9,0,2
20180502SKSS0,7,14,0,4,4,11,0,7
20180502WONC0,8,14,2,4,13,17,0,3
20180503HTLT0,4,9,3,2,5,10,1,5
20180503KTOB0,3,8,0,10,2,12,0,3
20180503LGHH0,3,10,1,2,7,11,0,3
20180503SKSS0,4,5,1,0,8,9,0,7
20180503WONC0,13,14,0,6,9,13,0,6
20180504HHSS0,9,13,1,6,6,11,1,3
20180504LTSK0,4,9,2,3,5,10,0,4
20180504NCHT0,6,14,1,4,5,11,0,2
20180504OBLG0,11,14,0,3,8,12,0,3
20180504WOKT0,11,15,0,2,1,9,0,2
20180505HHSS0,3,9,0,1,8,10,0,5
20180505LTSK0,8,8,0,7,1,5,0,2
20180505NCHT0,4,8,1,5,12,18,0,3
20180505OBLG0,3,11,0,2,0,5,0,4
20180505WOKT0,10,15,0,1,1,8,2,3
20180506NCHT0,3,6,0,3,11,19,0,5
20180506OBLG0,13,20,0,3,5,7,1,3
20180508HHWO0,10,15,1,1,9,15,2,6
20180508LTLG0,4,11,0,0,2,7,2,2
20180508OBHT0,0,6,0,2,10,13,0,5
20180508SKNC0,0,6,0,0,9,9,0,5
20180508SSKT0,9,14,0,6,4,7,1,7
20180509HHWO0,4,7,0,3,1,8,0,3
20180509LTLG0,2,11,0,0,3,5,0,1
20180509OBHT0,13,16,0,5,7,8,1,8
20180509SKNC0,6,10,2,3,5,7,0,3
20180509SSKT0,5,17,1,2,4,13,0,4
20180510HHWO0,3,10,0,3,1,9,3,1
20180510LTLG0,7,7,1,5,2,8,0,2
20180510OBHT0,5,17,0,5,6,13,0,4
20180510SKNC0,6,11,1,5,2,5,0,1
20180510SSKT0,4,11,2,2,5,10,0,7
20180511HTSS0,3,7,2,3,8,13,0,2
20180511KTLT0,2,6,1,2,6,10,1,2
20180511LGSK0,14,17,1,3,9,16,1,1
20180511NCHH0,4,7,1,4,2,9,0,3
20180511WOOB0,10,11,1,3,5,10,2,5
20180513HTSS0,8,11,2,5,7,11,0,5
20180513KTLT0,1,4,0,4,3,11,0,1
20180513LGSK0,0,5,0,1,10,15,0,6
20180513NCHH0,0,5,2,0,4,11,0,0
20180513WOOB0,2,6,0,5,1,5,0,2
20180515HTWO0,2,4,0,4,1,7,0,3
20180515KTHH0,3,8,0,2,0,8,0,3
20180515LGSS0,2,13,0,4,4,9,1,2
20180515LTNC0,5,10,1,4,3,11,1,2
20180515SKOB0,4,7,0,7,6,12,0,3
20180516HTWO0,7,13,0,3,8,9,0,7
20180516KTHH0,4,9,1,7,5,4,1,4
20180516LGSS0,8,16,1,2,7,11,2,6
20180516SKOB0,3,6,1,4,5,8,0,0
20180517HTWO0,2,6,0,2,8,12,0,0
20180517KTHH0,3,11,2,1,5,10,0,1
20180517LGSS0,8,16,0,2,5,5,0,4
20180517LTNC0,7,11,0,4,0,6,1,8
20180518HHLG0,4,10,1,3,3,9,1,3
20180518NCKT0,6,11,1,5,1,4,1,8
20180518OBLT0,7,10,0,6,1,5,0,1
20180518SKHT0,1,5,0,4,5,10,0,3
20180518SSWO0,5,13,0,3,0,3,1,3
20180519HHLG0,2,6,1,2,1,6,0,5
20180519NCKT0,2,10,0,2,3,8,0,2
20180519OBLT0,2,7,1,4,15,14,1,9
20180519SKHT0,1,4,1,0,2,6,0,2
20180519SSWO0,3,10,1,6,6,15,0,1
20180520HHLG0,2,7,1,5,6,12,0,3
20180520NCKT0,3,11,1,0,18,25,1,1
20180520OBLT0,7,10,0,7,6,10,2,6
20180520SKHT0,3,7,0,2,8,13,1,5
20180520SSWO0,4,10,0,2,3,12,0,7
20180522KTHT0,5,4,0,5,8,14,1,4
20180522LTSS0,4,11,5,2,10,12,0,5
20180522NCLG0,1,7,0,5,6,15,0,0
20180522OBHH0,7,12,2,5,8,11,0,7
20180522WOSK0,10,15,0,5,4,6,2,4
20180523KTHT0,9,10,1,3,8,17,1,5
20180523LTSS0,4,8,0,7,6,11,1,4
20180523NCLG0,2,5,2,3,12,15,0,6
20180523OBHH0,3,6,2,3,5,9,0,7
20180523WOSK0,2,7,1,4,13,16,1,5
20180524KTHT0,13,19,0,3,1,7,6,2
20180524LTSS0,2,10,0,1,9,14,0,4
20180524NCLG0,0,4,0,1,4,8,0,3
20180524OBHH0,7,12,3,0,1,9,0,3
20180524WOSK0,1,7,2,0,3,9,0,6
20180525HHSK0,1,3,0,1,5,9,0,3
20180525HTNC0,14,14,0,7,2,12,0,1
20180525LGKT0,7,12,0,2,13,14,0,2
20180525LTWO0,2,7,0,2,13,15,1,7
20180525SSOB0,6,10,0,4,1,5,0,2
20180526HHSK0,2,7,1,2,7,14,0,5
20180526HTNC0,0,7,0,1,5,11,0,4
20180526LGKT0,5,9,0,5,0,3,0,2
20180526LTWO0,2,7,1,3,3,10,0,2
20180526SSOB0,1,7,2,0,6,10,0,6
20180527HHSK0,7,14,1,2,5,14,5,5
20180527HTNC0,12,17,0,3,1,4,1,5
20180527LGKT0,7,15,0,4,8,9,0,2
20180527LTWO0,6,7,1,1,4,9,0,4
20180527SSOB0,2,8,1,1,8,11,1,1
20180529KTSS0,14,21,2,2,4,11,0,3
20180529LGLT0,5,13,0,1,3,9,0,0
20180529NCHH0,2,9,1,2,7,8,0,10
20180529WOHT0,12,18,0,7,8,10,1,5
20180530KTSS0,3,9,1,5,4,6,0,2
20180530LGLT0,15,17,1,5,5,11,2,1
20180530NCHH0,4,8,4,0,10,15,2,3
20180530SKOB0,3,7,0,1,11,13,0,4
20180530WOHT0,6,13,0,3,1,10,0,5
20180531KTSS0,0,5,2,1,6,10,0,0
20180531LGLT0,11,13,0,7,10,11,1,7
20180531NCHH0,5,9,2,4,4,5,1,4
20180531SKOB0,4,7,1,3,6,11,1,1
20180531WOHT0,0,3,1,2,5,10,0,2
20180601HHLT0,13,14,0,6,6,11,4,4
20180601KTSK0,1,8,1,1,8,14,0,4
20180601OBHT0,5,10,0,3,3,7,0,3
20180601SSNC0,5,7,0,5,3,8,1,0
20180601WOLG0,1,6,0,2,3,8,0,2
20180602HHLT0,3,10,0,1,2,11,1,3
20180602KTSK0,1,8,1,2,6,10,1,3
20180602OBHT0,10,17,0,4,0,5,0,4
20180602SSNC0,6,12,0,0,4,10,0,4
20180602WOLG0,6,16,1,2,10,10,2,5
20180603HHLT0,0,6,1,0,6,10,1,4
20180603KTSK0,6,9,0,2,3,9,1,5
20180603OBHT0,11,15,1,6,12,17,1,10
20180603SSNC0,8,10,0,8,7,13,0,7
20180603WOLG0,0,3,0,1,8,12,1,5
20180605HHLG0,3,7,0,2,7,17,1,2
20180605HTKT0,11,15,0,1,2,9,2,2
20180605LTNC0,12,13,1,4,6,5,1,6
20180605OBWO0,6,12,1,3,13,17,0,5
20180605SSSK0,2,4,0,1,6,9,0,6
20180606HHLG0,5,9,1,4,1,6,0,3
20180606HTKT0,5,8,0,5,2,6,1,6
20180606LTNC0,10,13,0,12,5,9,0,8
20180606OBWO0,7,13,0,4,3,9,2,3
20180606SSSK0,2,11,0,0,7,9,0,4
20180607HHLG0,5,13,2,1,6,12,1,1
20180607HTKT0,2,7,3,3,1,4,1,2
20180607LTNC0,4,11,1,5,5,9,0,5
20180607OBWO0,3,7,0,2,0,5,1,1
20180607SSSK0,6,11,0,3,2,6,0,3
20180608HTLT0,6,12,1,3,9,14,0,3
20180608LGSS0,9,13,2,7,5,11,0,1
20180608NCOB0,1,7,0,4,6,9,0,2
20180608SKHH0,5,8,1,4,7,11,1,4
20180608WOKT0,11,15,1,5,5,10,1,2
20180609HTLT0,7,11,1,6,5,12,0,6
20180609LGSS0,6,10,0,4,0,5,0,2
20180609NCOB0,0,4,0,9,3,7,0,4
20180609SKHH0,4,8,1,7,2,7,0,4
20180609WOKT0,2,8,0,0,5,7,1,7
20180610LGSS0,3,7,2,4,12,13,2,3
20180610NCOB0,3,4,1,2,6,6,2,2
20180610SKHH0,3,9,0,0,4,10,0,5
20180610WOKT0,6,13,1,3,1,5,1,0
20180612HHWO0,6,11,1,3,2,5,2,2
20180612KTOB0,2,7,1,4,3,7,0,4
20180612LGNC0,4,7,0,4,8,6,0,10
20180612SKHT0,0,6,0,6,4,6,0,3
20180612SSLT0,4,11,1,4,2,8,1,4
20180613HHWO0,2,6,0,3,4,9,1,3
20180613KTOB0,4,10,0,3,6,14,1,7
20180613LGNC0,3,6,0,2,6,8,0,3
20180613SKHT0,5,10,1,2,4,5,0,6
20180613SSLT0,9,12,0,7,10,11,0,7
20180614HHWO0,9,9,0,6,8,12,0,5
20180614KTOB0,8,11,0,5,9,9,0,4
20180614LGNC0,7,9,1,5,11,15,1,5
20180614SKHT0,9,12,0,1,2,5,1,7
20180614SSLT0,11,12,1,9,9,11,0,5
20180615HTLG0,3,10,2,0,4,9,0,2
20180615KTNC0,4,6,0,4,5,14,3,2
20180615LTSK0,14,18,0,4,6,8,2,7
20180615OBHH0,13,21,1,3,4,6,0,5
20180615SSWO0,2,5,0,3,9,14,1,6
20180616HTLG0,3,9,0,1,4,12,0,4
20180616KTNC0,1,4,2,3,5,10,0,3
20180616LTSK0,9,10,0,3,3,7,0,1
20180616OBHH0,8,13,1,8,3,10,0,4
20180616SSWO0,1,7,1,0,9,13,0,3
20180617HTLG0,6,9,0,10,9,12,0,6
20180617KTNC0,5,11,0,5,4,8,0,4
20180617LTSK0,13,16,1,1,7,11,1,3
20180617OBHH0,6,11,2,4,11,13,0,5
20180617SSWO0,8,15,1,9,12,14,0,5
20180619LGHH0,4,11,0,6,0,4,0,3
20180619LTKT0,9,14,0,2,7,11,0,2
20180619SKSS0,6,4,1,5,6,8,0,5
20180619WOOB0,6,10,2,6,5,8,0,8
20180620LGHH0,7,12,1,1,11,13,1,6
20180620LTKT0,11,18,1,6,4,11,0,2
20180620NCHT0,5,13,0,3,6,10,0,3
20180620SKSS0,4,10,1,4,6,6,1,4
20180620WOOB0,8,10,1,6,5,12,0,4
20180621LGHH0,6,12,0,7,9,14,1,1
20180621LTKT0,5,9,0,8,5,11,1,6
20180621NCHT0,7,7,0,4,4,6,0,4
20180621SKSS0,5,8,0,2,1,5,3,6
20180621WOOB0,3,7,1,3,9,15,0,3
20180622HHNC0,5,9,0,7,0,1,0,2
20180622HTWO0,8,12,0,3,5,10,0,3
20180622LTLG0,1,5,0,2,2,4,1,4
20180622OBSS0,14,17,0,3,16,16,0,7
20180622SKKT0,13,18,2,5,9,14,0,6
20180623HHNC0,8,13,0,5,1,5,2,3
20180623HTWO0,4,8,2,1,9,14,2,6
20180623LTLG0,8,14,2,10,18,19,0,7
20180623OBSS0,11,17,1,6,4,9,0,3
20180623SKKT0,7,6,0,7,4,10,0,2
20180624HHNC0,5,9,0,2,3,11,0,2
20180624HTWO0,14,14,0,6,10,14,1,5
20180624LTLG0,2,6,2,3,2,6,1,2
20180624OBSS0,12,17,2,3,7,14,0,2
20180624SKKT0,0,5,0,3,4,8,0,4
20180626OBNC0,4,9,1,2,5,11,0,4
20180626SSHH0,13,15,0,5,2,7,1,3
20180626WOLT0,9,11,0,3,3,8,0,2
20180627HTSK0,2,8,0,3,3,6,0,2
20180627KTLG0,2,6,2,3,7,12,0,1
20180627OBNC0,6,8,0,5,3,7,2,2
20180627SSHH0,0,7,1,5,4,9,1,2
20180627WOLT0,8,12,3,10,9,13,2,4
20180628OBNC0,9,9,0,6,0,8,0,2
20180628SSHH0,3,10,3,7,8,6,0,8
20180628WOLT0,6,10,2,8,8,11,2,3
20180629HTOB0,7,14,0,5,4,12,1,3
20180629LGSK0,1,5,2,0,10,9,0,3
20180629LTHH0,2,4,1,3,5,5,0,4
20180629NCKT0,3,9,1,4,7,13,0,2
20180629WOSS0,8,10,0,2,7,11,1,0
20180630HTOB0,2,5,2,0,12,17,0,3
20180630LGSK0,3,6,2,3,6,9,0,6
20180630LTHH0,5,6,1,4,6,8,1,4
20180630NCKT0,0,2,0,3,1,2,0,0
20180701WOSS0,3,8,0,1,1,7,0,2
20180703HHHT0,2,5,2,0,9,14,0,2
20180703NCLG0,13,18,1,4,6,15,1,2
20180703SKWO0,9,11,1,4,3,8,0,4
20180704HHHT0,4,10,1,5,6,11,1,4
20180704NCLG0,3,5,1,2,13,13,0,7
20180704OBLT0,7,13,0,4,4,9,1,4
20180704SKWO0,6,15,0,5,7,13,0,8
20180704SSKT0,5,13,1,3,6,13,1,0
20180705HHHT0,8,13,0,1,2,5,0,4
20180705NCLG0,5,13,1,2,3,7,0,1
20180705OBLT0,9,14,0,1,2,10,0,1
20180705SKWO0,2,9,1,1,3,6,0,2
20180705SSKT0,2,6,0,5,2,9,0,1
20180706HHSK0,0,4,0,0,6,12,2,1
20180706KTLT0,9,13,1,6,11,18,1,4
20180706LGHT0,4,8,2,1,13,14,0,7
20180706NCWO0,2,5,1,5,6,8,0,5
20180706SSOB0,6,11,1,0,13,20,2,6
20180707HHSK0,4,8,0,4,5,8,0,4
20180707KTLT0,9,15,1,3,1,5,1,5
20180707LGHT0,13,14,0,2,10,17,2,0
20180707NCWO0,4,12,0,2,6,10,2,9
20180707SSOB0,3,10,0,4,8,9,1,7
20180708HHSK0,5,8,0,2,2,6,0,4
20180708KTLT0,5,10,1,4,10,13,0,4
20180708LGHT0,8,17,0,3,1,5,0,4
20180708NCWO0,2,8,0,7,1,7,0,2
20180708SSOB0,11,19,1,4,1,11,0,4
20180710HTNC0,6,10,0,7,8,7,1,7
20180710LTSS0,3,10,0,2,6,9,0,3
20180710OBKT0,1,6,0,2,9,10,0,3
20180710SKLG0,10,16,1,5,3,8,1,3
20180710WOHH0,1,6,0,1,4,10,0,3
20180711HTNC0,1,3,3,4,5,8,1,2
20180711LTSS0,2,9,1,2,4,10,0,2
20180711OBKT0,6,13,0,2,0,6,0,1
20180711SKLG0,1,5,0,1,3,7,0,2
20180711WOHH0,22,15,3,12,8,15,1,1
20180712HTNC0,3,9,0,3,4,6,0,3
20180712LTSS0,4,11,1,4,8,13,1,4
20180712OBKT0,4,8,0,4,11,14,0,5
20180712SKLG0,7,9,0,5,4,5,1,8
20180712WOHH0,1,5,1,4,4,12,1,5
20180717HHKT0,8,12,1,5,1,8,1,5
20180717LGWO0,9,16,0,4,3,9,3,5
20180717LTOB0,12,17,0,6,6,12,0,4
20180717NCSK0,4,12,2,5,10,10,0,9
20180717SSHT0,3,9,0,0,6,10,0,4
20180718HHKT0,2,13,0,3,4,13,0,2
20180718LGWO0,8,11,0,7,7,11,1,4
20180718LTOB0,4,8,0,2,5,9,1,4
20180718NCSK0,4,8,1,1,3,13,0,4
20180718SSHT0,7,13,0,0,1,5,3,4
20180719HHKT0,7,15,1,1,8,10,2,6
20180719LGWO0,8,13,0,1,3,6,1,0
20180719LTOB0,1,6,0,0,7,14,0,2
20180719NCSK0,0,7,0,1,3,10,1,4
20180719SSHT0,6,11,1,5,2,11,0,4
20180720HHSS0,1,7,0,3,0,4,0,7
20180720KTHT0,4,7,1,2,6,10,0,5
20180720OBLG0,5,19,0,1,4,12,1,6
20180720SKLT0,6,10,1,3,2,5,0,1
20180720WONC0,8,14,0,5,10,12,0,9
20180721HHSS0,3,10,2,3,4,10,0,5
20180721KTHT0,2,8,0,5,8,12,0,2
20180721OBLG0,17,23,0,3,10,16,4,6
20180721SKLT0,4,12,0,6,3,11,1,2
20180721WONC0,6,10,0,5,3,7,1,0
20180722HHSS0,4,7,1,5,5,7,1,5
20180722KTHT0,6,9,1,8,5,12,0,5
20180722OBLG0,6,9,0,2,1,2,1,3
20180722SKLT0,4,10,1,2,12,14,0,6
20180722WONC0,6,8,1,6,3,8,1,4
20180724HTHH0,0,4,1,1,5,9,1,5
20180724KTWO0,9,12,1,2,6,11,0,7
20180724NCLT0,3,10,0,8,2,7,1,3
20180724OBSK0,1,4,1,8,3,9,1,6
20180724SSLG0,11,11,0,7,1,8,0,1
20180725HTHH0,11,13,0,5,3,10,2,2
20180725KTWO0,3,9,1,1,7,10,0,1
20180725NCLT0,9,12,1,1,6,15,1,7
20180725OBSK0,5,11,0,4,11,15,1,4
20180725SSLG0,1,7,1,0,0,7,1,1
20180726HTHH0,3,5,1,2,6,11,0,5
20180726KTWO0,7,8,1,2,4,9,3,3
20180726NCLT0,1,6,1,3,13,15,0,8
20180726OBSK0,3,7,2,4,8,14,2,5
20180726SSLG0,5,12,0,0,7,9,1,3
20180727HHOB0,16,15,0,8,7,16,0,2
20180727HTSS0,10,20,0,0,11,24,0,11
20180727LGKT0,7,12,1,5,9,11,1,4
20180727LTWO0,9,13,0,4,2,9,1,3
20180727SKNC0,0,2,1,10,1,7,1,3
20180728HHOB0,6,15,1,2,13,15,1,4
20180728HTSS0,2,7,1,6,3,9,1,4
20180728LGKT0,10,21,1,2,11,11,2,4
20180728LTWO0,11,15,5,4,7,8,1,4
20180728SKNC0,7,13,1,4,3,7,2,7
20180729HHOB0,1,5,0,3,3,6,1,3
20180729HTSS0,1,4,0,5,13,15,0,3
20180729LGKT0,7,10,0,2,4,8,1,4
20180729LTWO0,4,8,1,1,3,11,1,3
20180729SKNC0,3,7,1,2,4,6,2,2
20180731KTHH0,5,8,0,5,4,10,1,3
20180731LGOB0,2,11,1,4,6,11,0,5
20180731LTHT0,1,3,0,2,4,6,0,5
20180731NCSS0,4,12,1,6,4,11,2,5
20180731WOSK0,3,6,1,2,1,3,1,4
20180801KTHH0,3,7,1,5,4,6,0,4
20180801LGOB0,8,17,2,2,14,16,0,5
20180801LTHT0,1,5,0,7,8,15,2,1
20180801NCSS0,9,12,1,4,5,5,0,5
20180801WOSK0,8,12,2,6,14,20,1,2
20180802KTHH0,3,6,3,1,5,7,2,6
20180802LGOB0,5,10,0,8,6,9,0,6
20180802LTHT0,9,18,0,4,6,7,0,1
20180802NCSS0,2,11,1,2,3,10,1,2
20180802WOSK0,4,11,0,2,3,5,0,7
20180804NCHH0,7,8,1,2,5,10,1,8
20180804OBHT0,5,11,3,2,13,13,1,6
20180804SKLG0,9,10,0,6,2,10,0,2
20180804SSLT0,4,10,0,7,5,10,1,4
20180804WOKT0,3,8,0,1,1,3,0,2
20180805NCHH0,10,14,2,4,8,13,2,3
20180805OBHT0,3,8,0,3,6,12,2,3
20180805SKLG0,12,20,0,4,3,9,1,1
20180805SSLT0,8,12,0,4,2,10,0,2
20180805WOKT0,20,20,0,11,2,8,0,3
20180807HHOB0,4,7,0,8,6,8,0,12
20180807HTWO0,1,7,0,5,9,19,0,1
20180807KTNC0,12,12,2,3,10,14,0,2
20180807LGLT0,3,7,1,5,4,9,0,1
20180807SSSK0,10,16,1,7,8,9,2,6
20180808HHOB0,8,10,1,4,2,7,1,0
20180808HTWO0,6,12,3,9,7,15,1,5
20180808KTNC0,3,6,0,4,7,14,0,5
20180808LGLT0,1,2,0,2,2,6,0,4
20180808SSSK0,0,3,1,1,12,14,0,9
20180809LTHT0,11,14,0,5,4,6,0,2
20180809OBKT0,4,12,0,5,2,3,0,4
20180809SKNC0,3,3,1,7,6,10,1,6
20180809SSLG0,9,15,0,2,6,12,1,2
20180809WOHH0,16,25,1,3,5,13,2,2
20180810OBKT0,1,9,0,0,7,13,0,2
20180810SKNC0,12,9,2,8,8,10,2,7
20180810SSLG0,10,15,2,8,12,12,1,5
20180810WOHH0,9,17,1,2,4,10,1,4
20180811HTSK0,18,24,0,8,4,8,2,2
20180811KTHH0,3,9,1,4,5,7,0,5
20180811LGWO0,8,11,0,2,13,18,2,8
20180811LTOB0,2,8,0,3,5,12,0,6
20180811NCSS0,7,10,0,4,1,5,1,3
20180812HTSK0,21,25,0,2,8,10,3,3
20180812KTHH0,4,7,0,2,5,11,0,4
20180812LGWO0,3,10,0,4,11,15,1,3
20180812LTOB0,12,18,0,3,11,16,0,8
20180812NCSS0,2,8,1,2,9,10,1,5
20180814HHLT0,4,8,1,2,9,12,0,2
20180814LGHT0,8,14,2,1,14,14,0,13
20180814NCKT0,0,7,0,4,10,14,2,4
20180814SKOB0,3,8,1,3,6,9,0,4
20180814WOSS0,11,19,2,8,10,13,0,4
20180815LGHT0,13,16,1,3,4,8,0,5
20180815NCKT0,13,19,0,2,9,11,0,6
20180815SKOB0,12,17,1,7,2,7,3,1
20180815WOSS0,3,10,0,2,2,7,1,1
20180816HHSS0,2,5,2,2,5,6,0,6
20180816HTLT0,6,17,0,4,8,10,0,1
20180816LGSK0,14,15,1,9,3,7,1,6
20180816NCKT0,3,10,0,1,5,8,0,6
20180816WOOB0,2,8,1,4,8,11,1,4
20180904HTOB0,10,7,1,7,5,11,3,4
20180904LGKT0,3,8,1,0,4,8,0,6
20180904LTHH0,4,6,1,8,6,11,1,7
20180904SSNC0,5,9,0,8,3,6,2,1
20180904WOSK0,7,11,0,1,3,9,1,4
20180905HTOB0,1,7,1,2,14,18,0,4
20180905LGKT0,4,10,1,2,3,5,0,8
20180905LTHH0,5,12,1,8,11,12,0,6
20180905SSNC0,5,8,0,6,3,2,1,4
20180905WOSK0,11,11,1,5,12,17,1,4
20180906HHKT0,9,23,0,2,2,6,3,2
20180906NCLG0,3,9,2,2,6,12,0,0
20180906OBSS0,6,9,1,6,2,7,0,1
20180906SKLT0,0,4,1,0,10,13,0,5
20180906WOHT0,2,8,0,2,7,7,0,7
20180907HHKT0,4,9,1,3,12,12,1,5
20180907NCLG0,11,15,1,3,1,8,1,1
20180907OBSS0,7,11,0,6,2,9,1,3
20180907SKLT0,3,3,0,3,0,7,1,2
20180907WOHT0,5,12,1,3,7,8,1,7
20180908HHLG0,1,5,1,0,5,8,0,1
20180908KTWO0,12,18,1,5,6,11,1,9
20180908LTNC0,1,4,0,6,7,11,0,4
20180908OBSK0,3,7,0,2,0,5,2,6
20180908SSHT0,4,8,1,3,12,12,0,5
20180909HHLG0,5,6,1,3,8,11,2,6
20180909KTWO0,4,6,1,1,6,9,0,3
20180909LTNC0,3,11,3,3,11,16,1,4
20180909OBSK0,2,5,1,3,14,15,0,6
20180909SSHT0,6,9,1,5,5,4,0,5
20180911HHSS0,8,12,0,4,7,12,1,3
20180911HTNC0,7,7,1,9,10,11,0,10
20180911KTSK0,3,10,0,6,4,7,1,8
20180911OBLT0,17,19,0,8,4,6,0,2
20180911WOLG0,3,6,0,2,1,7,2,1
20180912HHSS0,7,9,0,4,3,6,1,5
20180912HTNC0,4,9,1,1,5,9,0,3
20180912KTSK0,3,8,3,1,8,15,1,2
20180912OBLT0,13,14,3,5,9,12,0,5
20180912WOLG0,4,6,1,2,5,10,1,3
20180913KTOB0,3,6,2,2,10,12,0,6
20180913LGSS0,6,12,2,7,5,10,0,3
20180913SKHH0,2,8,0,2,1,5,1,4
20180914HTLT0,9,18,0,6,5,11,0,5
20180914KTOB0,2,8,1,2,7,10,0,6
20180914LGSS0,1,3,1,3,6,9,0,2
20180914SKHH0,7,7,1,5,5,11,1,1
20180914WONC0,3,6,1,4,7,10,0,6
20180915LGHH0,12,10,0,8,4,8,2,5
20180915NCOB0,13,14,3,6,7,10,0,7
20180915SKHT0,2,6,1,1,4,10,0,7
20180915SSKT0,7,14,0,2,5,12,2,4
20180915WOLT0,6,9,1,5,5,8,1,6
20180916LGHH0,1,8,0,4,5,11,2,2
20180916NCOB0,1,5,0,3,5,8,2,4
20180916SKHT0,6,13,1,6,7,13,3,13
20180916SSKT0,2,8,0,4,4,11,0,3
20180916WOLT0,2,5,0,1,0,3,0,1
20180918HHNC0,3,11,2,2,10,13,0,5
20180918HTSS0,18,16,0,9,3,7,2,3
20180918LTLG0,4,9,0,3,1,7,1,4
20180918OBWO0,7,14,1,5,10,15,3,4
20180918SKKT0,5,9,2,6,9,12,0,4
20180919HHNC0,7,13,1,3,4,9,2,1
20180919HTSS0,8,13,1,4,9,15,0,4
20180919LTLG0,15,22,2,7,11,15,3,4
20180919OBWO0,4,7,0,5,5,10,2,3
20180919SKKT0,18,17,0,6,8,8,0,4
20180920HHSK0,8,10,0,3,2,10,3,0
20180920KTLT0,10,11,1,4,11,12,1,7
20180920NCHT0,6,10,0,8,7,11,0,4
20180920OBLG0,9,14,0,7,3,8,0,3
20180920SSWO0,2,10,0,4,3,10,0,5
20180921HHSK0,4,11,2,3,5,9,1,4
20180921NCHT0,4,10,2,2,6,10,0,5
20180921OBLG0,10,13,0,4,3,9,1,2
20180921SSWO0,10,15,0,6,3,10,2,2
20180922HTHH0,11,16,0,9,5,6,1,3
20180922KTLG0,6,9,1,6,1,7,0,2
20180922LTSS0,5,9,0,4,2,8,1,2
20180922OBNC0,13,14,0,11,10,14,0,7
20180922SKWO0,2,6,1,1,8,9,2,5
20180923HTHH0,6,11,0,7,8,12,1,5
20180923KTLG0,4,8,0,5,5,12,0,4
20180923LTSS0,2,7,1,5,5,8,1,0
20180923OBNC0,3,13,0,1,4,4,1,6
20180923SKWO0,0,6,2,5,4,9,0,0
20180925HTKT0,9,12,2,9,7,11,2,7
20180925LGSK0,7,11,2,6,16,21,1,2
20180925NCLT0,7,13,1,4,8,14,2,3
20180925SSHH0,8,10,0,7,1,6,0,2
20180925WOOB0,2,9,0,4,13,14,0,6
20180926HTKT0,2,8,1,4,9,18,0,1
20180926LGSK0,2,6,2,2,5,7,1,4
20180926NCLT0,7,7,1,5,10,12,1,4
20180926SSHH0,4,9,1,5,8,9,0,1
20180926WOOB0,8,9,0,6,9,11,2,5
20180927HTLG0,1,3,1,2,9,11,0,5
20180927KTSS0,6,12,1,5,7,12,0,2
20180927LTWO0,8,13,1,4,6,8,0,5
20180927NCSK0,4,9,2,0,11,14,0,4
20180927OBHH0,6,10,2,2,9,13,0,5
20180928HTLG0,6,8,0,5,2,9,1,1
20180928KTSS0,5,14,1,5,5,13,0,3
20180928LTWO0,8,14,2,2,9,5,0,7
20180928NCSK0,2,7,1,2,6,8,0,4
20180928OBHH0,4,9,1,5,5,10,0,8
20180929HHHT0,3,4,0,2,4,8,1,3
20180929LGOB0,8,16,1,7,9,14,3,5
20180929LTKT0,8,15,1,2,3,4,0,1
20180929NCWO0,5,11,1,1,6,10,2,1
20180929SKSS0,3,7,1,4,9,11,0,9
20180930HHHT0,4,9,1,3,6,15,1,1
20180930LGOB0,1,6,1,2,7,11,0,5
20180930LTKT0,8,14,0,5,7,11,1,7
20180930NCWO0,2,5,0,1,8,9,0,2
20180930SKSS0,8,9,2,2,4,8,1,4
20181002KTLG0,6,9,1,3,10,11,1,8
20181002LTSK0,8,14,1,6,6,10,0,7
20181002NCHT0,6,16,0,3,5,9,0,8
20181003HTSS0,5,12,3,3,20,20,0,7
20181003KTLG0,4,8,0,2,3,11,1,0
20181003LTHH0,6,9,1,6,7,9,0,5
20181004HTSK0,7,11,0,2,3,10,0,8
20181004LTHH0,7,13,1,5,2,5,3,3
20181006HHLT0,5,9,0,2,8,9,0,7
20181006HTSK1,8,13,1,8,4,8,2,4
20181006HTSK2,5,9,2,1,7,11,2,3
20181006LGOB0,3,7,0,3,1,4,0,5
20181006SSKT0,1,6,1,4,6,9,0,2
20181006WONC0,5,12,0,5,6,5,0,4
20181007HTOB0,4,10,1,3,7,13,1,6
20181007LTNC0,8,15,0,2,2,9,1,4
20181009HHKT0,10,16,2,2,6,11,0,5
20181009HTLT0,10,12,1,7,11,16,2,7
20181009SSSK0,8,11,0,4,4,8,0,4
20181010HHHT0,1,5,1,4,6,10,0,3
20181010KTLT1,10,12,0,3,1,6,3,1
20181010KTLT2,7,8,0,4,0,4,1,1
20181010SKOB0,12,10,0,8,5,11,0,6
20181011LTHT0,4,6,0,1,0,5,2,1
20181011SKOB0,3,7,1,3,8,12,0,3
20181012LTHT0,4,8,2,4,6,8,2,3
20181012NCOB0,2,8,1,0,13,17,0,6
20181012WOKT0,10,15,2,1,5,11,0,5
20181013KTOB0,4,12,1,4,3,15,0,0
20181013LGSK0,3,8,0,5,2,12,1,2
20181013LTHT0,5,8,2,3,1,7,0,1
20181013NCHH0,8,8,1,6,10,11,0,4
20181013WOSS0,5,9,1,3,12,18,0,3
20181014OBLT0,5,8,0,3,1,9,0,2
20190323HHOB0,4,12,1,6,5,6,0,5
20190323KTSK0,4,9,1,3,7,8,1,6
20190323LGHT0,2,8,0,3,0,3,0,4
20190323SSNC0,0,4,1,2,7,8,2,5
20190323WOLT0,7,14,2,3,4,7,3,2
20190324HHOB0,11,9,0,5,1,3,3,2
20190324KTSK0,3,7,1,4,6,9,0,3
20190324LGHT0,9,12,1,6,3,9,3,0
20190324SSNC0,4,5,2,10,3,8,2,1
20190324WOLT0,2,6,1,2,6,9,1,2
20190326HHHT0,13,16,2,7,7,8,0,7
20190326KTNC0,8,13,5,6,9,12,2,7
20190326LGSK0,6,5,0,6,3,8,1,0
20190326SSLT0,2,4,3,2,7,9,0,2
20190326WOOB0,2,6,0,6,7,7,0,7
20190327HHHT0,4,9,0,5,9,13,1,9
20190327KTNC0,1,8,0,4,4,6,1,1
20190327LGSK0,1,9,1,6,2,5,1,2
20190327SSLT0,23,24,0,11,4,8,1,5
20190327WOOB0,2,6,0,2,3,12,0,5
20190328HHHT0,4,5,0,2,6,9,0,7
20190328KTNC0,2,11,0,4,6,9,0,3
20190328LGSK0,1,2,0,1,3,4,0,4
20190328SSLT0,12,12,1,11,7,11,3,3
20190328WOOB0,5,9,0,6,4,9,0,6
20190329HTKT0,3,7,0,1,6,15,0,1
20190329LTLG0,1,6,0,4,2,6,0,6
20190329NCHH0,0,7,1,2,9,13,0,4
20190329OBSS0,3,11,1,5,2,11,1,0
20190329SKWO0,5,10,0,6,2,9,0,2
20190330HTKT0,2,6,1,5,6,10,0,6
20190330LTLG0,7,9,1,4,1,3,1,4
20190330NCHH0,5,12,2,6,13,9,0,13
20190330OBSS0,4,5,0,4,2,5,0,3
20190330SKWO0,1,3,2,2,3,7,0,4
20190331HTKT0,4,7,0,6,2,9,2,5
20190331LTLG0,5,9,2,6,6,12,0,3
20190331NCHH0,6,8,0,6,3,9,0,6
20190331OBSS0,9,9,1,6,4,10,1,6
20190331SKWO0,8,9,0,5,7,9,1,10
20190402HTSS0,4,7,2,8,1,6,0,2
20190402KTOB0,0,5,2,5,9,10,0,5
20190402LGHH0,2,6,1,4,6,6,1,6
20190402LTSK0,5,10,0,6,0,7,1,2
20190402WONC0,8,13,2,6,6,11,1,3
20190403HTSS0,3,9,1,3,6,3,2,4
20190403KTOB0,1,11,0,4,5,6,0,4
20190403LGHH0,7,11,0,6,0,5,2,6
20190403LTSK0,3,8,0,5,1,3,0,6
20190403WONC0,1,8,2,1,9,19,0,0
20190404HTSS0,7,8,0,5,12,14,2,4
20190404KTOB0,4,8,0,2,5,8,2,5
20190404LGHH0,1,5,0,2,2,6,1,7
20190404LTSK0,6,12,0,5,7,14,0,3
20190404WONC0,6,12,1,3,5,6,1,5
20190405HHLT0,2,11,2,1,5,12,0,4
20190405LGKT0,13,16,1,6,0,2,1,3
20190405NCOB0,7,10,0,2,3,8,0,2
20190405SSSK0,0,8,1,3,3,9,0,5
20190405WOHT0,4,11,2,6,6,11,0,2
20190406HHLT0,7,11,1,3,9,8,0,5
20190406LGKT0,1,7,0,7,2,4,0,4
20190406NCOB0,6,9,0,4,5,11,1,5
20190406SSSK0,1,3,0,0,2,8,1,1
20190406WOHT0,14,14,0,12,4,8,1,3
20190407HHLT0,16,19,0,3,1,5,1,0
20190407LGKT0,3,5,1,5,4,8,0,2
20190407NCOB0,5,12,0,3,3,8,1,4
20190407SSSK0,2,9,1,7,3,7,1,3
20190409KTWO0,3,9,1,3,7,9,1,12
20190410KTWO0,2,8,0,3,4,7,0,7
20190410NCHT0,1,8,1,4,2,9,1,5
20190410OBLT0,3,6,1,3,1,6,2,3
20190410SKHH0,8,11,2,5,3,9,2,1
20190410SSLG0,6,6,1,4,5,7,1,4
20190411KTWO0,8,13,0,1,1,5,1,2
20190411NCHT0,4,12,0,1,2,9,0,3
20190411OBLT0,5,11,0,3,1,10,0,2
20190411SKHH0,1,8,0,2,0,5,1,0
20190411SSLG0,2,6,0,3,5,10,0,2
20190412HHWO0,3,9,0,1,5,11,0,6
20190412HTSK0,4,12,0,2,4,10,2,15
20190412KTSS0,0,2,2,1,5,8,0,7
20190412LTNC0,1,8,0,1,2,6,0,3
20190412OBLG0,0,7,0,3,3,10,0,1
20190413HHWO0,3,12,1,2,5,12,0,5
20190413HTSK0,6,8,0,2,4,8,0,9
20190413KTSS0,5,12,2,2,3,6,0,7
20190413LTNC0,5,10,1,3,7,12,0,7
20190413OBLG0,2,6,1,7,5,13,1,4
20190414HHWO0,3,11,0,5,2,11,0,1
20190414HTSK0,4,9,0,2,2,6,0,5
20190414KTSS0,12,15,1,5,14,15,1,5
20190414LTNC0,1,9,1,1,8,10,1,7
20190414OBLG0,8,13,0,6,0,5,2,1
20190416HHKT0,2,7,1,4,4,5,1,4
20190416HTLT0,9,13,0,9,10,15,0,3
20190416LGNC0,7,9,1,7,2,6,0,4
20190416SKOB0,3,8,0,0,8,15,1,5
20190416WOSS0,4,10,2,6,0,5,1,2
20190417HHKT0,8,8,0,7,5,11,1,3
20190417HTLT0,6,14,0,4,8,16,0,5
20190417LGNC0,4,13,1,7,2,10,1,7
20190417SKOB0,3,7,3,3,12,12,0,6
20190417WOSS0,5,11,1,3,3,4,1,3
20190418HHKT0,5,10,1,4,6,10,0,3
20190418HTLT0,9,11,0,5,10,13,0,8
20190418LGNC0,6,9,0,0,1,8,4,2
20190418SKOB0,4,8,0,3,3,9,1,4
20190418WOSS0,4,8,0,5,5,14,2,4
20190419KTLT0,6,10,2,4,5,6,0,8
20190419NCSK0,14,21,2,3,11,11,0,6
20190419OBHT0,8,7,1,11,6,14,1,7
20190419SSHH0,3,13,0,5,4,8,0,5
20190419WOLG0,13,15,0,7,3,10,0,1
20190420KTLT0,4,9,0,7,5,8,0,5
20190420NCSK0,4,10,0,2,10,15,1,2
20190420OBHT0,10,14,0,9,1,5,0,3
20190420SSHH0,5,12,1,3,12,12,1,3
20190420WOLG0,7,10,0,4,3,8,1,2
20190421KTLT0,6,11,0,6,3,7,0,5
20190421NCSK0,1,7,0,3,4,9,0,4
20190421OBHT0,9,10,0,8,2,6,0,2
20190421SSHH0,16,23,1,3,0,0,0,2
20190421WOLG0,3,8,2,2,5,7,1,5
20190423HTLG0,2,3,0,4,9,9,0,9
20190423NCKT0,4,9,0,3,3,8,2,3
20190423OBWO0,9,13,0,2,3,8,0,1
20190424HTLG0,3,6,2,3,10,14,0,1
20190424LTHH0,4,12,3,6,5,9,0,4
20190424NCKT0,10,12,1,3,2,6,3,1
20190424OBWO0,3,6,0,2,8,13,0,2
20190424SKSS0,9,12,2,8,8,16,0,7
20190425OBWO0,6,11,1,4,9,16,1,4
20190425SKSS0,4,8,1,4,3,12,1,6
20190426HTWO0,4,14,2,2,8,8,0,7
20190426LTOB0,8,8,2,8,11,12,2,4
20190426SKKT0,2,6,0,7,0,5,1,1
20190427HHNC0,1,4,1,7,15,22,1,2
20190427HTWO0,6,9,0,7,4,8,2,1
20190427LGSS0,8,12,0,7,0,7,1,3
20190427LTOB0,0,5,0,1,7,10,0,8
20190427SKKT0,2,4,0,0,1,8,0,3
20190428HHNC0,4,9,1,2,10,11,0,6
20190428HTWO0,5,14,1,3,13,16,1,5
20190428LGSS0,2,6,0,3,1,6,0,2
20190428LTOB0,2,7,1,0,9,10,0,11
20190428SKKT0,3,9,0,4,0,5,0,0
20190430KTLG0,9,15,1,6,10,19,1,7
20190430NCLT0,1,4,1,5,6,9,0,3
20190430OBHH0,1,7,0,2,2,5,1,5
20190430SSHT0,0,6,2,2,8,9,1,3
20190430WOSK0,15,23,0,3,5,8,0,4
20190501KTLG0,2,6,2,3,3,7,0,0
20190501NCLT0,9,18,2,7,5,8,1,5
20190501OBHH0,1,7,0,7,4,5,0,5
20190501SSHT0,10,15,0,5,2,11,1,2
20190501WOSK0,0,6,1,3,2,5,1,1
20190502KTLG0,4,10,1,3,5,15,0,2
20190502NCLT0,7,12,4,7,6,6,3,5
20190502OBHH0,5,9,1,5,4,9,1,4
20190502SSHT0,1,5,1,1,8,10,0,5
20190502WOSK0,10,16,1,5,8,12,0,3
20190503HTNC0,8,9,0,8,4,9,1,5
20190503KTHH0,5,8,1,2,4,7,2,3
20190503LGOB0,2,13,0,1,7,15,0,3
20190503SKLT0,11,16,3,3,7,15,2,4
20190503SSWO0,3,8,0,3,8,13,1,5
20190504HTNC0,1,5,1,1,4,8,0,3
20190504KTHH0,9,14,0,3,10,16,0,6
20190504LGOB0,2,8,1,3,3,9,2,2
20190504SKLT0,10,14,0,3,4,8,0,7
20190504SSWO0,3,10,0,4,1,4,0,3
20190505HTNC0,3,7,1,2,10,17,1,6
20190505KTHH0,4,7,0,6,6,8,0,5
20190505LGOB0,2,8,1,1,11,16,1,3
20190505SKLT0,4,7,0,3,3,5,4,3
20190505SSWO0,2,5,0,1,12,17,0,6
20190507HHSK0,2,7,0,2,11,12,1,8
20190507HTOB0,3,8,2,5,4,6,0,4
20190507LGWO0,12,18,0,4,10,12,2,7
20190507LTKT0,2,10,0,2,7,10,0,9
20190507NCSS0,3,7,2,6,6,6,1,3
20190508HHSK0,2,6,2,2,17,19,0,7
20190508HTOB0,0,3,0,4,1,8,0,2
20190508LGWO0,0,6,1,2,6,10,0,6
20190508LTKT0,4,11,0,2,5,8,0,6
20190508NCSS0,0,2,0,0,2,5,0,0
20190509HHSK0,6,10,1,2,1,10,2,4
20190509HTOB0,5,12,1,4,3,9,0,2
20190509LGWO0,1,7,1,2,2,6,0,1
20190509LTKT0,13,22,0,4,6,16,0,9
20190509NCSS0,4,10,0,7,6,10,1,8
20190510HHLG0,5,8,1,4,2,4,1,1
20190510LTSS0,12,18,2,3,5,4,3,9
20190510OBNC0,11,13,1,7,12,17,0,2
20190510SKHT0,4,6,0,4,1,8,0,2
20190510WOKT0,6,6,1,4,7,9,2,3
20190511HHLG0,4,8,0,4,6,7,2,4
20190511LTSS0,2,5,1,2,9,10,2,5
20190511OBNC0,12,14,1,5,0,7,1,4
20190511SKHT0,10,15,1,3,3,7,1,2
20190511WOKT0,6,15,0,2,2,7,1,2
20190512HHLG0,0,2,0,4,2,10,1,4
20190512LTSS0,10,15,1,10,9,15,1,11
20190512OBNC0,3,7,0,4,2,7,0,1
20190512SKHT0,4,7,0,6,3,11,0,5
20190512WOKT0,3,5,0,1,9,16,1,2
20190514KTHT0,6,13,1,4,1,2,0,1
20190514LGLT0,0,3,1,2,4,5,0,1
20190514SKNC0,2,8,0,1,8,15,0,3
20190514SSOB0,4,7,1,9,3,11,0,5
20190514WOHH0,3,8,0,3,7,8,0,7
20190515KTHT0,7,15,3,6,4,7,0,2
20190515LGLT0,4,13,0,8,8,10,1,2
20190515SKNC0,7,10,2,5,3,7,0,1
20190515SSOB0,1,1,0,1,3,7,0,4
20190515WOHH0,4,9,0,8,5,9,1,0
20190516KTHT0,6,12,1,2,3,6,0,5
20190516LGLT0,3,8,0,4,2,6,2,3
20190516SKNC0,2,9,1,4,5,10,0,4
20190516SSOB0,1,5,2,1,4,6,0,1
20190516WOHH0,6,11,0,3,15,18,0,6
20190517HTHH0,5,10,1,4,2,4,0,2
20190517LTWO0,0,3,1,2,7,9,1,4
20190517NCLG0,13,16,0,5,2,7,0,3
20190517OBSK0,3,14,1,2,1,4,0,3
20190517SSKT0,14,20,0,5,3,8,0,2
20190518HTHH0,2,8,0,2,5,7,0,6
20190518LTWO0,1,6,0,0,13,14,2,7
20190518NCLG0,9,14,1,3,3,6,3,3
20190518OBSK0,10,13,1,5,5,13,1,1
20190518SSKT0,0,7,2,0,2,4,0,0
20190519HTHH0,5,12,1,4,0,4,3,0
20190519LTWO0,3,6,0,2,9,13,0,3
20190521HHSS0,3,5,0,2,9,14,1,5
20190521LTHT0,6,12,2,3,10,16,1,6
20190521NCWO0,3,7,0,4,1,4,2,2
20190521OBKT0,7,9,1,12,12,12,1,8
20190521SKLG0,4,10,1,2,2,5,1,0
20190522HHSS0,5,12,0,6,6,13,2,4
20190522LTHT0,5,11,1,2,6,10,0,7
20190522NCWO0,2,11,3,4,4,7,1,3
20190522OBKT0,1,9,1,2,3,8,0,3
20190522SKLG0,2,6,0,6,0,5,1,1
20190523HHSS0,1,7,1,1,2,12,0,6
20190523LTHT0,1,4,0,3,3,6,0,1
20190523NCWO0,4,14,0,3,2,4,0,0
20190523OBKT0,2,7,0,6,3,9,1,5
20190523SKLG0,1,8,0,6,2,8,0,6
20190524HHOB0,4,9,0,4,3,10,2,8
20190524KTHT0,5,13,1,5,7,13,1,3
20190524LGLT0,5,12,3,4,8,10,1,8
20190524SKNC0,4,8,0,5,2,6,0,2
20190524WOSS0,10,13,0,5,5,11,0,2
20190525HHOB0,4,16,1,3,7,8,1,9
20190525KTHT0,3,6,0,2,10,13,1,7
20190525LGLT0,6,7,0,8,5,11,1,7
20190525SKNC0,7,10,1,7,10,17,1,4
20190525WOSS0,9,13,1,3,10,13,1,4
20190526HHOB0,1,7,1,5,2,2,0,5
20190526KTHT0,5,13,1,5,17,20,1,5
20190526LGLT0,11,13,0,8,2,7,0,2
20190526SKNC0,2,9,1,2,1,4,0,6
20190526WOSS0,3,6,0,5,4,7,0,3
20190528HTHH0,0,4,0,1,2,9,1,4
20190528KTSK0,0,6,0,1,1,5,2,1
20190528LGWO0,0,2,3,1,5,10,0,1
20190528LTNC0,9,14,1,6,4,10,1,3
20190528SSOB0,1,6,1,2,4,8,0,2
20190529HTHH0,3,11,0,1,1,5,2,1
20190529KTSK0,8,10,0,4,6,8,2,8
20190529LGWO0,4,13,0,4,2,6,0,3
20190529LTNC0,6,13,1,6,8,14,2,2
20190529SSOB0,2,8,0,1,3,10,1,4
20190530HTHH0,3,7,1,5,2,7,0,3
20190530KTSK0,2,7,2,7,3,10,0,5
20190530LGWO0,6,13,0,3,3,8,3,5
20190530LTNC0,10,13,0,14,2,8,1,2
20190530SSOB0,2,12,0,3,1,6,2,4
20190531HHSK0,1,6,1,1,2,5,0,1
20190531NCLG0,2,7,0,2,3,6,0,3
20190531OBKT0,2,8,0,8,3,5,2,2
20190531SSLT0,1,8,0,4,6,10,0,4
20190531WOHT0,2,9,0,1,3,10,0,2
20190601HHSK0,6,8,1,4,0,4,1,3
20190601NCLG0,1,8,1,1,5,10,0,4
20190601OBKT0,3,8,0,3,13,16,1,5
20190601SSLT0,2,9,0,2,5,9,1,5
20190601WOHT0,4,11,0,7,0,7,0,5
20190602HHSK0,2,6,1,1,5,14,0,1
20190602NCLG0,4,6,0,4,1,4,1,1
20190602OBKT0,7,13,0,6,4,6,1,3
20190602SSLT0,8,13,0,5,3,6,2,3
20190602WOHT0,6,7,1,4,5,9,1,6
20190604HHLT0,2,7,0,1,3,8,0,4
20190604KTLG0,4,8,0,8,8,10,0,6
20190604NCSS0,1,6,1,6,3,6,1,5
20190604OBHT0,7,10,0,8,2,14,1,2
20190604SKWO0,2,12,0,2,1,3,0,5
20190605HHLT0,6,9,2,5,3,6,1,3
20190605KTLG0,2,11,1,3,9,17,1,1
20190605NCSS0,3,11,1,2,4,8,0,0
20190605OBHT0,5,10,0,4,4,8,1,5
20190605SKWO0,6,10,0,5,2,7,1,2
20190606HHLT0,4,8,0,5,3,9,1,3
20190606KTLG0,7,13,3,3,8,7,1,4
20190606NCSS0,0,4,0,1,6,8,0,4
20190606OBHT0,3,9,1,3,12,16,0,3
20190606SKWO0,2,6,2,2,6,11,1,6
20190607HTNC0,1,8,2,1,2,7,0,2
20190607LGHH0,2,11,1,4,3,6,0,0
20190607LTKT0,1,6,1,8,2,6,0,4
20190607SSSK0,2,9,1,5,4,9,0,8
20190607WOOB0,1,8,1,0,7,11,2,6
20190608HTNC0,4,6,2,3,5,15,0,4
20190608LGHH0,3,9,2,3,2,6,1,2
20190608LTKT0,2,3,1,4,6,15,1,3
20190608SSSK0,0,6,3,1,8,13,0,2
20190608WOOB0,5,10,0,2,4,10,0,3
20190609HTNC0,3,12,0,7,4,9,0,6
20190609LGHH0,3,11,1,1,1,6,1,10
20190609LTKT0,0,4,2,3,2,9,0,2
20190609SSSK0,9,11,0,6,0,8,0,4
20190609WOOB0,4,9,0,4,0,3,1,0
20190611LTLG0,1,9,0,6,1,6,1,2
20190611OBHH0,1,9,0,7,4,5,0,4
20190611SKKT0,13,21,0,5,1,4,2,2
20190611SSHT0,1,8,0,4,7,12,0,5
20190611WONC0,9,13,2,7,8,16,1,3
20190612LTLG0,3,5,0,5,4,8,1,6
20190612OBHH0,9,11,0,7,6,11,0,5
20190612SKKT0,6,12,1,2,3,6,0,5
20190612SSHT0,3,14,1,2,7,10,0,5
20190612WONC0,5,9,1,3,4,7,0,7
20190613LTLG0,3,10,1,5,4,8,2,2
20190613OBHH0,7,13,0,4,2,4,2,7
20190613SKKT0,1,9,2,1,5,11,0,1
20190613SSHT0,2,6,0,4,3,7,0,6
20190613WONC0,1,6,1,0,3,4,0,3
20190614HHWO0,7,12,1,6,8,9,1,5
20190614KTSS0,4,10,0,5,7,13,0,2
20190614LGOB0,4,9,1,4,7,13,3,1
20190614NCSK0,3,8,2,3,7,14,0,3
20190615HHWO0,3,11,0,3,8,13,1,1
20190615HTLT0,0,4,2,4,7,11,0,2
20190615KTSS0,10,13,1,8,7,6,3,7
20190615LGOB0,4,10,0,4,3,9,1,7
20190615NCSK0,0,4,2,5,4,8,0,10
20190616HHWO0,6,9,2,5,9,10,0,8
20190616HTLT0,5,12,2,4,10,11,0,9
20190616KTSS0,3,8,1,5,1,9,0,0
20190616LGOB0,3,8,1,4,5,8,1,12
20190616NCSK0,2,4,4,2,9,13,0,3
20190618KTWO0,2,5,0,2,3,5,1,2
20190618LGSS0,5,8,1,6,12,14,2,3
20190618LTHH0,11,13,0,4,3,6,2,8
20190618NCOB0,7,11,1,7,10,10,0,12
20190618SKHT0,2,6,0,1,4,10,0,2
20190619KTWO0,2,7,0,3,8,15,1,4
20190619LGSS0,9,14,2,5,6,7,0,4
20190619LTHH0,7,8,0,4,5,12,1,2
20190619NCOB0,0,5,0,4,1,5,0,1
20190619SKHT0,7,13,0,4,1,9,0,4
20190620KTWO0,1,6,0,5,3,6,1,5
20190620LGSS0,11,14,0,4,3,8,0,2
20190620LTHH0,7,11,3,7,10,7,3,6
20190620NCOB0,2,7,0,1,14,15,0,9
20190620SKHT0,5,6,0,2,8,6,0,8
20190621HTLG0,8,11,1,11,9,13,1,7
20190621NCKT0,0,2,1,1,5,8,0,5
20190621OBSK0,1,5,0,2,14,11,1,11
20190621SSHH0,5,8,0,6,2,7,2,4
20190621WOLT0,7,13,1,4,4,8,2,4
20190622HTLG0,3,5,0,4,2,6,1,3
20190622NCKT0,7,14,1,2,6,9,2,3
20190622OBSK0,0,3,0,0,3,7,0,4
20190622SSHH0,0,4,1,1,5,9,0,2
20190622WOLT0,1,6,2,4,4,11,0,3
20190623HTLG0,7,18,1,6,0,6,1,1
20190623NCKT0,2,12,0,1,4,12,0,3
20190623OBSK0,2,5,0,5,3,8,0,4
20190623SSHH0,10,13,0,2,5,10,1,1
20190623WOLT0,1,8,0,5,2,5,0,1
20190625HHNC0,14,20,1,6,3,7,1,4
20190625HTWO0,3,8,1,5,7,11,0,3
20190625KTLT0,8,17,0,6,8,13,0,4
20190625OBSS0,2,5,4,1,11,14,0,10
20190625SKLG0,8,14,1,1,3,12,0,0
20190626HTWO0,13,17,0,3,6,7,0,7
20190626SKLG0,7,14,1,5,4,9,0,3
20190627HHNC0,5,9,0,9,10,14,0,7
20190627HTWO0,2,4,0,2,8,13,1,1
20190627KTLT0,10,14,1,4,2,9,1,3
20190627OBSS0,9,16,0,5,1,5,0,2
20190627SKLG0,4,8,2,8,6,12,1,2
20190628HTKT0,1,3,1,2,9,16,1,1
20190628LGNC0,6,10,0,7,2,7,2,5
20190628LTOB0,2,8,1,1,3,8,0,0
20190628SKSS0,3,7,0,5,9,13,0,4
20190628WOHH0,6,12,3,4,5,6,1,4
20190629HTKT0,3,4,2,2,5,10,0,4
20190629LTOB0,4,9,1,4,0,8,0,4
20190630HTKT0,3,7,1,5,4,12,0,1
20190630LGNC0,1,6,0,3,9,13,0,3
20190630LTOB0,4,10,0,6,0,8,0,3
20190630SKSS0,14,18,1,8,7,14,2,3
20190630WOHH0,6,12,0,7,4,8,0,4
20190702HHLG0,2,6,1,0,9,13,2,1
20190702LTSK0,1,2,1,3,10,9,0,4
20190702NCHT0,3,7,1,6,5,8,1,4
20190702OBWO0,3,9,2,2,6,8,0,4
20190702SSKT0,3,7,0,3,5,9,0,7
20190703HHLG0,1,6,1,1,6,10,1,3
20190703LTSK0,5,12,1,2,8,12,0,6
20190703NCHT0,8,7,0,8,4,11,1,2
20190703OBWO0,3,5,0,3,1,5,1,0
20190703SSKT0,0,8,0,2,3,8,0,3
20190704HHLG0,3,4,1,3,4,5,0,4
20190704LTSK0,7,10,1,4,9,12,1,4
20190704NCHT0,9,20,0,5,3,8,0,2
20190704OBWO0,4,7,0,2,1,7,0,4
20190704SSKT0,3,9,0,0,5,9,0,4
20190705KTHH0,10,12,0,5,3,7,1,1
20190705LGHT0,1,6,1,4,6,11,0,2
20190705LTWO0,1,11,0,2,14,15,0,7
20190705SKOB0,8,10,4,3,6,12,0,1
20190705SSNC0,3,12,0,6,7,7,0,5
20190706KTHH0,8,13,1,7,9,17,2,1
20190706LGHT0,0,2,0,2,7,7,0,6
20190706LTWO0,4,10,2,1,6,11,1,2
20190706SKOB0,4,8,1,3,2,6,2,1
20190706SSNC0,2,5,3,7,2,11,1,2
20190707KTHH0,4,6,2,3,3,10,1,5
20190707LGHT0,10,12,1,4,9,12,1,5
20190707LTWO0,2,8,0,4,5,8,0,4
20190707SKOB0,4,9,0,4,5,12,1,5
20190707SSNC0,4,9,1,9,2,8,0,2
20190709HTSS0,2,7,1,6,3,8,0,6
20190709NCLT0,1,6,0,4,4,8,0,3
20190709OBLG0,11,14,0,2,4,9,2,1
20190709SKHH0,0,5,0,2,1,8,1,3
20190709WOKT0,12,16,0,4,3,6,0,3
20190711HTSS0,2,7,1,5,4,7,1,1
20190711NCLT0,4,10,0,4,0,2,0,3
20190711OBLG0,8,7,1,5,4,11,0,2
20190711SKHH0,5,9,0,7,1,8,1,3
20190711WOKT0,4,10,1,3,2,5,0,1
20190712HHHT0,0,4,0,3,5,7,0,3
20190712KTNC0,8,13,1,5,9,10,0,1
20190712OBLT0,1,8,1,3,2,5,3,2
20190712SSLG0,6,14,0,5,3,8,1,3
20190712WOSK0,6,7,1,2,2,9,1,4
20190713HHHT0,10,14,0,3,5,9,2,3
20190713KTNC0,13,19,1,2,3,9,4,5
20190713OBLT0,4,8,2,4,3,3,1,9
20190713SSLG0,3,8,2,3,5,7,1,5
20190713WOSK0,2,8,1,3,4,10,0,3
20190714HHHT0,7,12,0,5,10,15,1,6
20190714KTNC0,4,12,0,6,1,9,1,5
20190714OBLT0,8,11,1,5,2,11,0,2
20190714SSLG0,0,2,0,1,2,8,0,0
20190714WOSK0,3,8,0,3,4,6,0,1
20190716KTOB0,7,12,0,4,2,3,1,7
20190716LGSK0,4,7,0,5,10,15,0,4
20190716NCHH0,3,9,1,7,2,6,1,1
20190716SSWO0,0,3,0,1,6,10,0,5
20190717KTOB0,6,14,2,2,4,6,1,5
20190717LGSK0,2,6,0,4,8,13,2,4
20190717LTHT0,1,4,0,1,3,7,0,4
20190717NCHH0,14,21,0,7,1,4,0,3
20190717SSWO0,6,12,1,4,10,14,2,2
20190718KTOB0,7,13,0,2,4,11,1,2
20190718LGSK0,12,15,1,5,5,10,0,2
20190718LTHT0,6,11,1,2,3,7,2,3
20190718NCHH0,7,8,0,5,4,8,2,3
20190718SSWO0,1,5,0,4,5,11,3,5
20190726HHSS0,8,12,1,6,9,14,1,4
20190726NCWO0,4,6,1,3,5,10,0,0
20190726SKLT0,8,14,0,2,6,10,1,3
20190727HHSS0,6,11,0,3,7,11,1,2
20190727HTOB0,1,6,3,7,12,17,0,5
20190727LGKT0,5,10,0,4,2,9,0,4
20190727NCWO0,1,8,0,3,4,6,0,5
20190727SKLT0,4,10,0,7,0,4,2,6
20190728HHSS0,6,8,1,3,13,12,1,9
20190728LGKT0,10,11,0,6,1,10,1,6
20190728NCWO0,11,15,2,4,0,4,3,1
20190728SKLT0,3,10,0,2,0,5,2,2
20190730HHKT0,2,11,0,2,3,9,0,0
20190730HTSK0,2,6,0,10,0,3,0,2
20190730LTSS0,2,8,0,4,5,11,1,4
20190730OBNC0,9,10,1,6,1,7,0,2
20190730WOLG0,4,9,2,1,2,8,0,7
20190731HHKT0,5,10,0,2,2,7,1,4
20190731HTSK0,6,11,0,9,2,4,1,4
20190731LTSS0,8,11,0,5,4,8,1,3
20190731OBNC0,4,7,1,8,8,13,2,2
20190731WOLG0,8,11,0,5,0,7,2,2
20190801HHKT0,3,9,1,2,1,8,1,2
20190801HTSK0,1,5,1,3,10,12,0,2
20190801LTSS0,9,7,0,8,4,5,0,1
20190801OBNC0,3,8,0,5,2,7,1,7
20190801WOLG0,5,4,2,7,11,17,0,3
20190803KTWO0,7,11,0,2,1,6,3,5
20190803NCHT0,1,3,0,4,5,10,3,3
20190803OBLT0,1,4,1,4,2,9,1,1
20190803SKHH0,3,10,0,4,0,6,0,1
20190803SSLG0,10,14,0,4,13,15,1,7
20190804KTWO0,5,7,1,2,3,9,0,2
20190804NCHT0,0,2,0,0,1,3,0,1
20190804OBLT0,4,10,1,2,9,19,0,3
20190804SKHH0,2,5,0,3,8,13,0,4
20190804SSLG0,2,7,0,1,1,8,0,1
20190806HHOB0,3,11,1,0,8,16,1,4
20190806KTSK0,3,8,0,3,0,5,1,2
20190806LGHT0,17,18,1,7,4,14,1,1
20190807HHOB0,7,13,1,4,5,11,0,3
20190807KTSK0,2,4,0,2,5,9,0,4
20190807LGHT0,5,8,0,3,10,12,1,5
20190807SSNC0,1,7,1,9,2,6,0,6
20190807WOLT0,16,17,0,4,4,7,2,2
20190808HHHT0,2,7,1,7,5,11,2,4
20190808KTOB0,2,8,1,2,7,10,0,5
20190808LGNC0,2,12,2,0,13,13,1,11
20190808LTSS0,8,12,0,2,0,5,1,6
20190808SKWO0,6,10,2,2,1,8,1,0
20190809HHHT0,4,10,2,2,10,14,1,4
20190809KTOB0,1,6,2,2,3,6,2,5
20190809LGNC0,5,11,0,5,2,6,2,5
20190809LTSS0,6,10,1,6,3,3,0,2
20190809SKWO0,4,9,0,4,5,14,0,6
20190810HHKT0,4,6,1,5,5,10,0,2
20190810HTSS0,7,12,0,3,2,5,1,1
20190810LTNC0,4,6,1,1,7,9,0,3
20190810OBWO0,2,10,0,3,10,13,0,8
20190810SKLG0,2,7,1,5,0,5,0,2
20190811HHKT0,6,9,3,2,4,12,1,4
20190811HTSS0,4,10,0,6,5,10,1,7
20190811LTNC0,1,8,2,4,9,13,0,3
20190811OBWO0,12,20,0,5,7,13,2,3
20190811SKLG0,3,9,0,1,4,8,0,3
20190813KTLT0,5,12,1,1,6,13,1,3
20190813NCHH0,10,18,0,7,2,8,0,3
20190813OBHT0,5,7,0,4,2,9,1,7
20190813SSSK0,1,7,0,1,4,6,0,7
20190813WOLG0,7,10,0,7,8,15,0,5
20190814KTLT0,6,12,1,5,0,5,0,1
20190814NCHH0,3,4,2,4,9,13,1,4
20190814OBHT0,1,7,0,5,4,8,2,3
20190814WOLG0,14,17,0,6,0,4,0,1
20190815HHLT0,5,11,0,2,11,16,0,2
20190815NCWO0,3,8,0,2,4,9,1,3
20190815SKHT0,7,11,1,5,6,9,0,8
20190816HHLT0,2,7,0,1,1,4,0,3
20190816LGOB0,4,6,0,3,7,14,2,4
20190816NCWO0,4,10,0,4,6,13,0,4
20190816SKHT0,0,3,2,1,1,6,0,4
20190816SSKT0,1,5,2,7,9,13,0,6
20190817HHWO0,8,14,1,0,4,8,2,3
20190817KTHT0,4,12,0,6,3,10,1,3
20190817LGSS0,2,8,1,5,7,10,0,5
20190817LTOB0,2,5,2,0,9,13,1,5
20190817SKNC0,0,3,1,2,9,10,0,6
20190818HHWO0,5,9,0,5,4,9,1,4
20190818KTHT0,2,5,0,8,1,9,0,2
20190818LGSS0,8,11,0,6,1,7,0,4
20190818LTOB0,3,6,1,2,11,12,1,7
20190818SKNC0,4,12,2,1,7,11,0,3
20190820HTLG0,3,7,2,4,15,14,2,10
20190820LTSK0,0,4,0,4,5,10,0,3
20190820OBNC0,2,4,0,0,3,8,0,2
20190820SSHH0,5,6,1,9,0,4,0,0
20190820WOKT0,0,5,0,2,6,13,0,3
20190821HTLG0,4,9,2,3,6,11,0,2
20190821LTSK0,4,9,2,0,5,10,0,2
20190821WOKT0,8,10,1,6,1,6,1,0
20190822HHSK0,6,11,3,5,8,13,1,6
20190822HTWO0,5,13,0,6,5,10,0,1
20190822LTKT0,2,10,1,1,4,11,0,2
20190822NCLG0,5,9,2,5,2,3,0,3
20190822OBSS0,13,15,0,7,1,4,0,3
20190823HHSK0,2,9,1,4,6,11,0,3
20190823HTWO0,0,7,0,0,6,12,0,4
20190823LTKT0,3,13,0,0,3,9,0,9
20190823NCLG0,2,8,0,5,8,14,0,5
20190823OBSS0,8,15,0,5,4,4,0,6
20190824HTSK0,3,7,0,1,4,8,0,6
20190824KTLG0,8,10,4,6,12,14,0,3
20190824NCLT0,8,15,0,2,3,8,1,3
20190824OBHH0,13,16,1,6,3,10,4,1
20190824WOSS0,1,9,0,6,2,7,0,2
20190825HTSK0,4,7,0,4,2,8,0,2
20190825KTLG0,7,11,0,5,3,10,2,3
20190825NCLT0,4,9,0,4,5,10,0,3
20190825OBHH0,3,12,0,0,2,2,0,1
20190825WOSS0,21,23,0,13,8,14,0,2
20190827KTNC0,3,8,0,4,4,6,0,4
20190827LGLT0,2,8,0,3,1,5,2,3
20190827SKOB0,2,8,1,1,4,8,0,1
20190827SSHT0,10,14,1,4,1,6,1,1
20190827WOHH0,15,17,1,3,0,7,0,1
20190828KTNC0,8,8,0,7,2,7,0,3
20190828LGLT0,3,9,0,3,4,10,1,4
20190828SKOB0,2,2,2,2,4,10,2,5
20190828SSHT0,1,7,0,5,5,7,0,5
20190828WOHH0,1,5,0,7,2,7,2,6
20190829HTNC0,3,7,0,2,4,10,0,2
20190829LTWO0,0,5,2,1,4,8,0,4
20190829OBKT0,8,10,1,6,11,16,1,3
20190829SKSS0,4,11,1,5,5,7,2,7
20190830HHLG0,1,6,0,4,0,4,1,6
20190830HTNC0,8,14,0,4,2,9,2,5
20190830LTWO0,2,4,0,2,5,11,1,2
20190830OBKT0,3,8,0,4,1,5,0,4
20190830SKSS0,2,5,0,3,0,5,0,0
20190831KTHH0,6,14,0,3,1,10,0,2
20190831LGSK0,6,16,0,0,4,14,2,2
20190831LTHT0,2,7,1,2,4,9,1,6
20190831SSOB0,3,8,0,1,5,7,0,5
20190831WONC0,9,11,0,9,3,12,0,4
20190901KTHH0,1,9,0,4,6,10,1,2
20190901LGSK0,6,10,2,2,9,9,0,8
20190901LTHT0,2,9,0,1,4,13,0,2
20190901SSOB0,1,6,2,2,4,8,0,4
20190901WONC0,2,8,1,4,4,10,0,1
20190903HTHH0,6,10,4,5,5,9,0,4
20190903LGKT0,5,6,0,7,0,3,1,2
20190903NCSK0,1,5,2,4,8,13,0,4
20190903SSLT0,5,9,1,5,4,5,1,2
20190903WOOB0,5,9,2,2,2,7,0,4
20190904HTHH0,1,7,0,5,0,5,0,1
20190904SSLT0,8,12,2,5,0,9,2,3
20190905HHNC0,3,7,0,3,0,4,0,1
20190905SSWO0,4,10,2,4,0,3,1,5
20190906HHNC0,0,7,0,2,4,8,1,3
20190906HTKT0,2,10,2,2,5,11,1,3
20190906LTLG0,2,6,1,2,5,9,2,2
20190906SSWO0,1,7,0,1,6,11,0,3
20190907LTHH0,1,9,1,0,5,14,0,3
20190907NCSS0,8,11,0,3,2,6,0,2
20190907WOHT0,7,13,0,7,3,9,0,0
20190908LTHH0,12,13,0,8,0,3,2,4
20190908NCSS0,4,10,0,3,9,12,1,5
20190908OBLG0,1,8,1,3,2,8,1,2
20190908SKKT0,0,3,0,4,5,8,0,3
20190908WOHT0,13,16,1,8,3,8,5,3
20190910HTLT0,4,10,4,4,8,13,1,4
20190910KTSS0,2,7,2,1,3,5,0,2
20190910LGHH0,5,10,1,6,2,10,1,3
20190911HTLT0,4,9,1,5,0,3,0,0
20190911KTSS0,8,13,2,6,11,11,0,5
20190911LGHH0,5,10,0,1,9,13,1,10
20190911NCOB0,4,9,0,2,0,2,0,2
20190911WOSK0,4,12,0,1,2,5,1,4
20190912HTOB0,0,3,0,1,5,11,2,0
20190912LGWO0,2,5,1,5,3,6,1,6
20190912NCKT0,7,13,0,4,4,13,0,3
20190912SKLT0,2,4,0,2,1,6,0,0
20190913HHSS0,5,10,0,2,4,9,3,5
20190913HTOB0,2,7,4,0,6,9,0,1
20190913LGWO0,4,9,0,2,1,8,0,3
20190913NCKT0,5,11,0,0,2,9,0,5
20190913SKLT0,0,3,0,5,1,6,0,1
20190914HTLG0,2,6,1,1,7,11,1,2
20190914LTHH0,2,6,1,1,5,12,0,4
20190914OBSK0,6,12,1,7,7,18,2,3
20190914SSNC0,1,5,1,1,7,13,1,4
20190914WOKT0,2,6,2,3,3,7,0,4
20190915KTSK0,8,11,1,8,6,9,1,3
20190915LTHH0,7,10,1,3,1,8,0,4
20190915OBLG0,4,10,0,4,10,16,2,2
20190915SSNC0,1,6,0,3,6,8,0,2
20190916HHSS0,11,12,0,11,1,6,1,5
20190916LGKT0,4,14,1,1,2,7,0,3
20190916WOOB0,6,11,1,2,3,6,1,3
20190917NCHT0,2,3,1,2,3,6,1,7
20190917WOHH0,0,3,1,1,1,6,0,0
20190918LGSS0,4,4,4,3,3,8,1,3
20190918LTHT0,5,10,0,6,6,11,2,1
20190918NCSK0,6,9,0,3,0,5,0,3
20190919HTSS0,2,11,1,1,12,14,1,5
20190919LGNC0,3,11,1,5,5,6,0,6
20190919OBSK1,6,11,0,5,4,9,1,3
20190919OBSK2,7,11,0,5,3,4,1,0
20190920HTOB0,2,7,2,1,6,9,0,1
20190920KTLT0,7,9,0,3,0,5,0,1
20190920SSHH0,3,8,0,4,5,5,0,5
20190920WOSK0,5,8,1,6,1,9,0,3
20190921HTOB0,3,8,1,1,5,12,2,5
20190921SSKT0,6,6,0,6,3,10,3,1
20190922LGOB0,6,11,0,2,3,10,1,6
20190923HHLG0,9,14,0,6,1,7,0,2
20190923HTKT0,1,7,0,1,2,11,1,3
20190923NCLT0,6,8,0,4,1,8,0,6
20190924OBNC0,7,15,1,2,7,14,0,4
20190924SKKT0,3,8,1,3,7,14,1,2
20190924SSLG0,4,8,1,1,2,9,2,4
20190924WOHT0,0,8,0,1,5,11,1,2
20190925HHNC0,3,11,3,1,2,9,1,4
20190925OBLT0,7,13,0,3,0,5,0,2
20190925SSSK0,0,5,0,2,1,6,0,2
20190926HHNC0,4,13,1,6,2,13,1,4
20190926HTLT0,3,3,0,6,1,4,2,2
20190926LGKT0,4,10,0,4,3,7,1,2
20190926OBSS0,11,14,0,5,0,4,1,1
20190927NCLG0,3,8,0,8,0,7,0,0
20190927SKSS0,4,8,0,6,0,4,0,0
20190928HHOB0,6,13,1,0,7,13,0,6
20190928LGHT0,1,5,0,8,7,13,0,5
20190928NCKT0,2,10,0,4,5,8,1,3
20190928SKSS0,7,13,2,4,9,12,1,8
20190929OBLG0,3,4,0,5,0,4,0,1
20190929SKHH0,2,3,0,5,0,2,0,1
20190929SSKT0,0,6,4,5,7,7,0,3
20190929WOLT0,4,5,0,4,1,7,1,1
20190930LTLG0,0,3,0,3,2,6,0,4
20190930SKHH0,6,9,1,6,2,9,0,0
20191001NCOB0,5,17,3,2,6,15,0,1
20191001WOLT0,3,8,0,3,1,9,2,1
20200505HHSK0,3,8,0,2,0,2,0,1
20200505LTKT0,7,7,1,4,2,5,0,5
20200505NCSS0,4,7,1,2,0,3,0,6
20200505OBLG0,2,6,0,3,8,10,0,6
20200505WOHT0,11,12,1,6,2,6,0,5
20200506HHSK0,2,5,2,4,5,9,0,3
20200506LTKT0,9,12,1,2,4,8,2,2
20200506NCSS0,4,8,0,7,3,5,1,2
20200506OBLG0,5,12,1,1,2,6,0,3
20200506WOHT0,3,7,0,1,2,9,1,1
20200507HHSK0,8,13,0,5,4,15,0,6
20200507LTKT0,7,14,0,4,3,7,2,2
20200507NCSS0,8,9,0,7,2,5,1,6
20200507OBLG0,9,14,0,1,3,7,3,2
20200507WOHT0,5,9,0,3,8,16,0,5
20200508HHWO0,3,6,1,2,5,10,0,4
20200508HTSS0,0,5,1,6,5,6,0,7
20200508KTOB0,12,22,0,3,3,8,0,3
20200508LGNC0,5,9,0,6,13,13,0,7
20200508SKLT0,8,13,0,2,9,13,0,3
20200509HHWO0,3,10,1,2,5,4,0,8
20200509HTSS0,2,7,1,6,14,13,1,9
20200510HHWO0,3,12,1,1,6,8,0,3
20200510HTSS0,12,15,0,6,3,6,3,3
20200510KTOB0,12,16,3,3,13,18,0,6
20200510LGNC0,10,15,1,5,8,12,0,4
20200510SKLT0,0,3,1,0,4,6,0,4
20200512HTHH0,2,4,2,3,1,8,0,2
20200512KTNC0,6,14,0,3,7,12,1,2
20200512OBLT0,11,20,0,3,6,15,0,2
20200512SKLG0,5,9,1,4,9,12,0,2
20200512SSWO0,2,6,2,0,3,7,2,4
20200513HTHH0,4,8,1,7,3,9,1,3
20200513KTNC0,4,8,1,2,5,11,1,5
20200513OBLT0,9,9,2,7,10,12,0,9
20200513SKLG0,2,10,1,2,14,12,0,7
20200513SSWO0,5,5,1,0,0,2,2,2
20200514HTHH0,1,5,0,0,4,8,0,2
20200514KTNC0,0,6,0,1,1,9,0,2
20200514OBLT0,7,13,0,4,4,9,1,3
20200514SKLG0,2,4,1,3,3,11,0,3
20200514SSWO0,8,14,0,6,5,8,0,2
20200515LTHH0,1,8,0,3,2,8,0,3
20200515NCSK0,6,11,1,7,2,2,1,7
20200515OBHT0,13,18,5,4,4,8,3,4
20200515SSKT0,6,12,1,1,14,16,1,3
20200516LTHH0,5,11,0,6,1,10,1,1
20200516NCSK0,2,5,0,4,1,6,0,2
20200516OBHT0,4,9,0,3,13,16,0,5
20200516SSKT0,4,8,2,3,10,16,1,6
20200516WOLG1,1,6,1,4,3,4,0,4
20200516WOLG2,3,9,0,5,5,10,0,5
20200517LTHH0,4,7,1,4,5,6,0,7
20200517NCSK0,11,12,1,9,5,12,0,4
20200517OBHT0,6,15,1,1,4,8,1,3
20200517SSKT0,2,7,1,1,9,9,1,7
20200517WOLG0,9,17,0,3,4,8,0,2
20200519HHKT0,11,11,1,6,13,18,0,6
20200519LGSS0,10,12,0,5,6,11,0,2
20200519LTHT0,2,6,0,4,9,16,1,6
20200519NCOB0,5,12,0,6,4,10,2,9
20200519SKWO0,6,6,2,5,11,14,2,7
20200520HHKT0,1,7,0,5,8,17,1,2
20200520LGSS0,1,6,1,4,3,5,0,1
20200520LTHT0,0,3,0,4,6,9,0,4
20200520NCOB0,1,5,0,2,2,3,1,4
20200520SKWO0,5,10,0,2,3,7,1,4
20200521HHKT0,9,12,0,4,4,10,0,6
20200521LGSS0,2,6,1,2,0,2,1,5
20200521LTHT0,1,7,0,0,6,9,0,5
20200521NCOB0,12,19,2,4,6,11,0,4
20200521SKWO0,8,12,2,4,9,13,2,4
20200522HHNC0,5,8,0,1,3,6,1,3
20200522HTSK0,2,8,2,5,1,6,0,1
20200522KTLG0,5,9,0,5,6,10,1,3
20200522OBSS0,12,15,0,10,7,12,1,4
20200522WOLT0,7,6,3,8,9,12,0,7
20200523HHNC0,0,6,0,1,3,10,0,4
20200523HTSK0,8,9,0,6,3,9,0,4
20200523KTLG0,6,10,0,1,2,7,1,8
20200523OBSS0,10,13,1,6,6,10,0,3
20200523WOLT0,12,15,1,3,4,8,1,4
20200524HHNC0,5,7,1,5,10,13,0,6
20200524HTSK0,3,15,1,3,4,8,2,4
20200524KTLG0,7,10,0,3,9,10,3,7
20200524OBSS0,0,11,0,1,13,15,0,8
20200524WOLT0,0,4,0,5,2,9,0,1
20200526HTKT0,4,12,2,7,1,4,1,2
20200526LGHH0,3,9,0,3,0,3,1,2
20200526SKOB0,4,7,2,4,6,4,0,3
20200526SSLT0,0,4,1,4,1,6,1,3
20200526WONC0,2,5,0,6,7,8,0,4
20200527HTKT0,0,5,0,4,5,9,0,2
20200527LGHH0,15,19,1,4,4,10,2,1
20200527SKOB0,2,6,2,5,4,7,0,2
20200527SSLT0,11,11,1,14,1,5,1,1
20200527WONC0,3,11,2,4,10,13,0,5
20200528HTKT0,5,9,0,4,6,12,1,3
20200528LGHH0,3,13,1,0,0,5,1,3
20200528SKOB0,6,11,0,3,1,3,1,3
20200528SSLT0,3,7,0,3,1,5,0,7
20200528WONC0,6,15,0,3,9,13,0,1
20200529HHSK0,6,13,1,4,8,11,3,3
20200529KTWO0,1,8,2,1,5,7,2,8
20200529LGHT0,6,10,0,3,2,7,0,2
20200529LTOB0,2,10,0,4,4,5,0,3
20200529NCSS0,4,8,1,2,5,9,0,0
20200530HHSK0,3,2,1,7,9,8,2,12
20200530KTWO0,3,7,1,1,14,16,0,8
20200530LGHT0,6,6,1,6,10,14,1,4
20200530LTOB0,4,11,1,4,5,11,0,5
20200530NCSS0,1,4,0,4,9,12,0,6
20200531HHSK0,4,5,0,4,6,10,1,9
20200531KTWO0,12,14,3,9,8,10,0,5
20200531LGHT0,13,20,0,3,5,11,0,1
20200531LTOB0,8,8,1,11,3,11,2,3
20200531NCSS0,18,21,1,4,7,10,3,2
20200602LTHT0,2,7,0,2,7,12,0,3
20200602OBKT0,11,18,1,3,8,12,1,4
20200602SKNC0,8,11,1,8,2,7,2,2
20200602SSLG0,2,6,0,3,0,5,0,0
20200602WOHH0,15,17,1,10,3,8,3,0
20200603LTHT0,2,3,2,3,11,14,0,8
20200603OBKT0,2,6,2,4,7,14,0,1
20200603SKNC0,6,11,0,4,8,14,2,5
20200603SSLG0,12,12,0,6,6,14,1,1
20200603WOHH0,6,10,0,4,2,7,4,2
20200604LTHT0,3,10,0,3,7,9,1,1
20200604OBKT0,14,14,0,7,8,11,0,6
20200604SKNC0,0,5,1,4,10,10,0,14
20200604SSLG0,0,4,1,3,11,14,1,1
20200604WOHH0,7,11,1,3,3,8,1,0
20200605HTOB0,1,5,0,5,5,7,1,1
20200605KTLT0,4,9,0,3,6,10,0,2
20200605LGWO0,3,6,0,1,6,8,0,5
20200605NCHH0,13,17,0,7,2,3,1,7
20200605SSSK0,1,7,1,2,4,6,0,6
20200606HTOB0,3,7,1,1,4,9,0,1
20200606KTLT0,0,6,0,0,1,5,0,4
20200606LGWO0,4,6,0,5,5,10,0,4
20200606NCHH0,14,14,0,4,2,11,1,0
20200606SSSK0,4,7,0,4,6,6,0,9
20200607HTOB0,2,9,3,4,3,10,0,4
20200607KTLT0,2,8,0,1,5,9,0,3
20200607LGWO0,8,14,0,3,1,7,3,5
20200607NCHH0,8,13,0,6,2,5,1,1
20200607SSSK0,3,9,1,2,0,6,0,3
20200609HHLT0,3,10,0,4,9,16,1,1
20200609HTKT0,3,5,0,2,2,7,0,2
20200609OBNC0,8,11,0,5,12,12,1,7
20200609SKLG0,5,10,1,4,3,11,0,8
20200609WOSS0,5,11,0,7,3,11,0,4
20200610HHLT0,2,6,2,0,12,14,1,6
20200610HTKT0,10,7,0,10,0,3,1,0
20200610OBNC0,9,11,0,6,1,7,0,0
20200610WOSS0,1,4,1,3,4,8,0,3
20200611HHLT0,0,5,0,6,5,10,1,5
20200611HTKT0,8,15,1,1,13,16,0,5
20200611OBNC0,5,11,0,3,7,14,0,0
20200611SKLG1,1,6,0,1,3,10,1,4
20200611SKLG2,3,9,0,2,4,4,0,6
20200611WOSS0,3,6,0,3,6,7,1,3
20200612HTSK0,6,9,0,4,3,5,1,4
20200612LTLG0,2,9,1,7,3,4,0,3
20200612OBHH0,5,9,1,5,2,5,1,4
20200612WONC0,3,4,0,4,2,8,1,5
20200613HTSK0,2,6,1,2,1,5,0,2
20200613KTSS1,3,6,0,2,5,7,0,3
20200613KTSS2,7,8,2,9,4,8,0,4
20200613LTLG0,7,8,0,8,6,10,2,2
20200613OBHH0,6,11,0,8,7,10,1,6
20200613WONC0,18,17,0,6,5,11,1,6
20200614HTSK0,3,7,0,2,4,3,0,2
20200614KTSS0,0,11,0,1,12,16,0,3
20200614LTLG0,6,16,1,1,10,14,2,3
20200614OBHH0,2,9,0,2,3,7,1,3
20200614WONC0,5,8,1,5,9,13,0,5
20200616KTSK0,6,9,0,8,5,12,1,4
20200616LGHH0,9,15,0,3,5,11,1,5
20200616LTWO0,7,10,1,3,5,6,3,4
20200616NCHT0,4,10,1,3,7,8,0,8
20200616SSOB0,4,8,1,4,3,6,1,10
20200617KTSK0,6,12,0,6,4,10,1,3
20200617LGHH0,7,13,0,4,1,5,1,7
20200617LTWO0,3,9,0,2,4,9,0,8
20200617NCHT0,6,7,0,5,7,10,1,2
20200617SSOB0,6,10,0,3,3,8,2,2
20200618KTSK0,5,13,0,4,3,7,0,6
20200618LGHH0,9,11,1,8,7,9,2,6
20200618LTWO0,2,10,1,1,3,5,1,1
20200618SSOB0,3,6,2,4,7,12,2,4
20200619HHNC0,1,4,0,1,3,7,0,2
20200619LTKT0,8,14,0,4,9,15,1,4
20200619OBLG0,18,20,1,9,10,15,2,6
20200619SKWO0,1,8,0,1,2,5,0,4
20200619SSHT0,4,7,3,7,5,11,0,3
20200620HHNC0,4,9,2,2,3,8,0,1
20200620LTKT0,8,14,0,5,0,5,1,3
20200620OBLG0,8,11,0,4,2,8,0,1
20200620SKWO0,3,10,0,2,9,10,2,8
20200620SSHT0,3,9,0,2,6,9,0,6
20200621HHNC0,7,7,2,9,9,11,2,4
20200621LTKT0,2,9,0,1,3,6,0,0
20200621OBLG0,3,8,1,8,1,9,1,0
20200621SKWO0,2,4,1,2,7,10,2,8
20200621SSHT0,12,17,1,2,5,10,2,0
20200623HHSS0,4,12,2,5,11,11,0,7
20200623HTLT0,3,11,1,2,4,8,0,4
20200623NCKT0,4,7,0,3,3,8,0,3
20200623OBSK0,9,13,0,5,2,14,2,0
20200623WOLG0,8,14,0,6,3,11,1,2
20200624HHSS0,2,7,1,5,3,12,1,4
20200625HHSS0,9,13,0,5,2,7,1,3
20200625NCKT1,3,6,0,5,1,6,0,7
20200625NCKT2,6,10,3,1,19,17,2,5
20200625OBSK1,14,18,0,8,6,14,1,3
20200625OBSK2,0,4,2,2,7,10,0,8
20200625WOLG1,5,9,0,7,2,9,0,1
20200625WOLG2,8,7,2,7,5,10,1,1
20200626HTWO0,8,12,3,5,6,13,0,4
20200626KTHH0,4,10,1,3,7,14,0,2
20200626LGSK0,0,3,1,6,7,9,0,5
20200626NCOB0,9,11,0,5,3,7,1,5
20200626SSLT0,6,13,0,3,4,9,1,2
20200627HTWO0,0,2,0,1,2,5,0,5
20200627KTHH0,7,6,0,11,2,7,2,3
20200627LGSK0,3,11,0,2,0,3,1,2
20200627NCOB0,3,6,1,2,12,13,0,5
20200627SSLT0,6,12,0,1,1,6,0,4
20200628HTWO0,0,2,0,3,1,6,0,3
20200628KTHH0,8,9,0,4,4,8,0,2
20200628LGSK0,4,10,0,2,0,5,1,1
20200628NCOB0,5,12,1,2,0,5,0,2
20200628SSLT0,3,5,1,0,7,10,0,3
20200630KTLG0,3,10,1,10,4,10,0,3
20200630LTNC0,10,15,0,9,8,11,1,5
20200630OBWO0,2,7,1,2,11,14,0,4
20200630SKSS0,1,5,2,1,4,8,2,5
20200701HHHT0,3,12,0,4,4,11,1,4
20200701KTLG0,11,19,0,1,5,9,1,5
20200701LTNC0,2,6,3,1,6,6,0,4
20200701OBWO0,14,19,1,3,5,11,0,4
20200701SKSS0,1,4,2,1,7,10,0,5
20200702HHHT0,1,9,0,7,7,13,0,3
20200702KTLG0,4,15,0,3,3,7,0,0
20200702LTNC0,7,10,1,7,9,14,0,1
20200702OBWO0,7,10,0,9,10,16,2,6
20200702SKSS0,2,10,0,1,6,11,0,6
20200703HHOB0,1,5,0,3,2,7,0,6
20200703HTNC0,8,9,0,3,2,9,0,2
20200703LGSS0,7,10,1,4,9,11,0,1
20200703SKLT0,7,12,0,2,4,9,2,9
20200703WOKT0,2,6,2,5,3,11,2,2
20200704HHOB0,6,10,1,3,2,10,0,5
20200704HTNC0,2,8,0,5,9,14,0,0
20200704LGSS0,6,8,0,6,7,13,0,5
20200704SKLT0,4,10,1,2,10,14,1,7
20200704WOKT0,10,12,0,5,6,12,2,7
20200705HHOB0,4,10,0,1,7,14,0,3
20200705HTNC0,6,8,1,4,7,8,0,4
20200705LGSS0,7,7,0,10,3,11,2,1
20200705SKLT0,6,10,1,3,3,7,0,3
20200705WOKT0,5,13,0,5,10,14,1,2
20200707KTHT0,8,9,1,7,2,5,2,5
20200707LGOB0,6,12,1,3,9,14,0,3
20200707LTHH0,6,14,1,8,7,10,0,6
20200707NCSK0,5,8,1,2,4,12,0,4
20200707SSWO0,13,20,0,3,2,6,1,3
20200708KTHT0,7,9,0,4,4,9,0,1
20200708LGOB0,8,11,0,6,5,15,0,2
20200708LTHH0,6,15,0,2,2,6,1,3
20200708NCSK0,2,7,1,1,3,7,2,3
20200708SSWO0,6,9,0,5,7,10,0,7
20200709KTHT0,4,10,0,7,10,10,1,8
20200709LGOB0,0,2,1,0,6,12,0,3
20200709LTHH0,5,5,1,3,3,8,0,3
20200709NCSK0,8,13,0,6,2,4,2,4
20200709SSWO0,2,10,1,1,4,7,1,7
20200710NCLG0,12,15,0,3,2,5,0,4
20200710OBLT0,10,12,0,5,5,7,1,2
20200710SKHH0,5,11,1,5,6,5,2,8
20200710SSKT0,3,9,1,5,8,13,0,4
20200710WOHT0,8,14,0,4,9,15,2,6
20200711NCLG0,6,9,0,5,6,13,1,5
20200711OBLT0,4,8,2,3,5,9,2,2
20200711SKHH0,5,8,0,7,3,6,2,9
20200711SSKT0,7,10,0,3,10,13,4,5
20200711WOHT0,3,11,2,1,8,11,1,6
20200713SKHH0,2,3,0,5,4,9,1,3
20200713WOHT0,3,4,1,0,13,16,0,4
20200714HHKT0,2,8,2,2,7,10,0,3
20200714HTSS0,0,8,0,1,5,9,0,6
20200714LGLT0,0,2,1,1,5,10,0,5
20200714NCWO0,1,3,0,1,5,10,1,5
20200714SKOB0,12,14,0,5,7,12,2,1
20200715HHKT0,7,11,0,5,3,10,2,4
20200715HTSS0,5,10,0,3,2,6,1,3
20200715LGLT0,9,14,0,3,3,12,0,2
20200715NCWO0,4,11,0,3,7,10,0,7
20200715SKOB0,2,10,1,1,7,14,0,3
20200716HHKT0,1,6,0,0,4,7,0,4
20200716HTSS0,7,8,1,7,8,14,0,5
20200716LGLT0,10,16,2,6,15,15,0,2
20200716NCWO0,9,14,0,6,1,7,0,1
20200716SKOB0,2,7,1,3,4,10,2,2
20200717HHLG0,0,3,1,3,8,10,0,8
20200717KTNC0,3,9,0,3,3,8,0,5
20200717LTSS0,10,13,0,3,15,17,1,6
20200717OBHT0,2,7,1,2,4,9,0,4
20200717WOSK0,9,13,1,9,12,13,0,7
20200718HHLG0,1,8,1,5,3,5,1,4
20200718KTNC0,1,3,0,2,6,11,2,7
20200718LTSS0,2,7,2,5,5,11,1,5
20200718OBHT0,6,12,0,8,0,9,1,5
20200718WOSK0,4,7,0,4,1,5,0,2
20200719HHLG0,2,8,1,2,6,7,1,2
20200719KTNC0,2,5,0,1,8,12,0,4
20200719LTSS0,2,6,0,1,1,7,0,3
20200719OBHT0,8,11,0,4,4,8,0,6
20200719WOSK0,3,7,0,4,4,6,0,7
20200721HTHH0,10,16,0,9,2,3,3,3
20200721LGKT0,9,13,0,6,10,12,1,4
20200721LTSK0,7,10,0,5,8,13,0,4
20200721SSNC0,5,9,0,4,6,13,0,3
20200721WOOB0,1,9,0,1,6,7,0,1
20200722HTHH0,2,5,0,4,1,4,1,5
20200724LGOB0,8,15,0,6,1,8,1,4
20200724LTWO0,4,9,0,6,2,6,0,2
20200724NCKT0,3,7,2,3,2,6,0,6
20200724SKHH0,7,8,0,5,4,5,0,7
20200725LGOB0,3,10,0,1,7,10,1,2
20200725LTWO0,6,9,0,5,3,3,1,7
20200725NCKT0,2,6,0,4,6,8,0,4
20200725SSHT0,2,7,0,6,8,11,0,3
20200726LGOB0,4,7,0,2,3,8,2,7
20200726LTWO0,1,8,0,3,8,13,1,5
20200726NCKT0,4,7,3,1,5,8,0,2
20200726SKHH0,7,10,0,7,4,8,0,4
20200726SSHT0,5,12,1,4,8,12,0,4
20200727SKHH0,5,10,1,4,5,5,0,5
20200728LGSK0,24,23,0,9,7,8,0,7
20200728NCLT0,9,17,0,4,11,14,1,8
20200728WOOB0,6,8,0,7,2,9,1,2
20200729HHSS0,12,18,0,4,7,9,3,10
20200729LGSK0,11,13,0,9,6,14,1,4
20200730HHSS0,1,3,1,6,2,6,1,8
20200730KTHT0,4,11,1,5,1,8,1,2
20200730LGSK0,9,13,0,6,1,4,0,4
20200730WOOB0,8,13,0,4,5,10,0,4
20200731HHLG0,2,10,0,2,1,4,0,2
20200731HTLT0,3,8,3,4,2,6,1,3
20200731OBNC0,7,14,0,4,10,14,1,5
20200731SKKT0,1,4,0,5,11,16,2,3
20200731WOSS0,10,10,0,6,3,8,1,5
20200801HHLG0,6,8,2,6,9,15,0,2
20200801HTLT0,3,9,3,2,7,10,0,5
20200801OBNC0,12,17,1,4,10,15,1,7
20200801SKKT0,0,6,1,2,11,13,0,5
20200801WOSS0,22,23,1,12,7,8,1,6
20200802HTLT0,0,4,2,2,8,11,0,4
20200802OBNC0,7,15,0,2,4,8,1,5
20200802WOSS0,4,10,1,2,2,10,1,2
20200804KTWO0,4,11,0,4,2,10,1,3
20200804LGHT0,15,16,1,6,5,8,0,4
20200804LTSK0,8,15,0,5,0,6,0,2
20200804SSOB0,6,7,1,7,3,9,0,1
20200805KTWO0,3,10,2,2,12,15,2,6
20200805LGHT0,6,11,0,5,4,9,0,2
20200805NCHH0,5,6,2,11,8,12,0,7
20200805SSOB0,2,12,3,4,2,4,1,4
20200806KTWO0,2,4,0,2,3,7,1,5
20200806LGHT0,1,4,0,1,13,12,0,7
20200806LTSK0,8,6,0,6,2,8,1,1
20200806NCHH0,4,8,0,7,1,5,0,4
20200806SSOB0,2,11,1,2,5,7,0,4
20200807LGWO0,5,10,0,2,2,6,3,5
20200807LTOB0,8,12,0,9,4,11,2,1
20200807SSSK0,2,6,1,6,0,4,1,2
20200808LGWO0,1,8,0,3,5,9,0,3
20200808LTOB0,1,6,0,1,1,3,0,0
20200808NCHT0,2,6,0,9,3,4,0,0
20200808SSSK0,2,5,1,1,4,3,1,3
20200809KTHH0,6,12,1,5,3,8,0,3
20200809LGWO0,1,4,3,1,2,7,0,4
20200809NCHT0,8,14,1,6,1,4,0,9
20200811HHWO0,7,10,1,8,5,12,2,8
20200811HTLG0,8,11,0,7,4,9,1,1
20200811OBSS0,6,9,0,6,1,8,0,2
20200811SKKT0,1,4,0,4,6,11,2,6
20200812HHWO0,2,4,0,4,3,9,0,7
20200812HTLG0,0,2,0,6,8,12,0,3
20200812NCLT0,4,9,0,5,8,13,0,6
20200812OBSS0,15,24,1,3,8,16,2,1
20200812SKKT0,11,12,1,10,2,2,1,3
20200813HHWO0,3,9,1,6,6,11,0,3
20200813HTLG0,2,5,1,1,4,8,1,5
20200813NCLT0,9,14,1,4,2,7,0,0
20200813OBSS0,2,4,0,9,3,9,1,5
20200813SKKT0,10,16,0,4,6,10,1,11
20200814KTOB0,5,12,0,1,3,10,1,8
20200814LGNC0,10,18,1,5,4,8,0,4
20200814SKHT0,6,12,1,9,7,7,1,9
20200814SSHH0,10,15,0,3,1,4,0,3
20200814WOLT0,1,5,0,3,5,11,1,5
20200815KTOB0,5,7,1,7,7,13,1,3
20200815LGNC0,13,15,0,4,4,10,0,3
20200815SKHT0,3,9,0,3,10,17,0,3
20200815SSHH0,2,3,1,4,0,7,0,5
20200815WOLT0,3,9,3,2,1,7,0,1
20200816KTOB0,4,11,0,3,1,3,1,7
20200816LGNC0,6,7,0,8,5,9,1,3
20200816SKHT0,5,7,0,7,8,15,0,3
20200816SSHH0,2,5,1,2,3,2,0,5
20200816WOLT0,6,9,1,5,3,6,0,5
20200818HHSK0,3,6,1,11,9,8,0,7
20200818HTLG0,5,11,1,5,6,12,0,2
20200818KTSS0,6,9,2,8,3,6,1,4
20200818OBLT0,9,16,1,5,2,6,4,2
20200818WONC0,1,7,0,1,5,7,0,3
20200819HHSK0,6,12,1,3,26,22,2,11
20200819HTLG0,1,8,2,2,10,12,0,10
20200819KTSS0,6,6,1,5,4,11,1,2
20200819OBLT0,3,6,1,5,7,10,1,1
20200819WONC0,6,8,3,5,4,7,1,4
20200820KTHH0,3,6,0,4,0,2,0,5
20200820LGWO0,5,9,1,2,6,8,2,7
20200820LTOB0,6,11,0,7,5,14,0,3
20200820NCHT0,14,21,1,3,2,5,1,6
20200820SSSK0,8,9,0,6,3,11,3,4
20200821KTHH0,1,4,1,5,5,11,0,2
20200821LGWO0,7,10,0,6,3,6,0,3
20200821LTOB0,0,3,1,2,1,5,2,4
20200821NCHT0,10,10,0,4,4,9,2,3
20200821SSSK0,6,11,0,9,8,12,2,8
20200822HTWO0,3,7,1,3,4,10,1,5
20200822LTSS0,5,13,1,2,3,10,1,2
20200822OBSK0,8,12,0,5,1,9,1,5
20200823HHLG0,4,6,0,4,3,6,1,7
20200823HTWO0,8,11,0,3,7,13,0,3
20200823LTSS0,11,10,0,6,0,4,1,4
20200823NCKT0,1,9,0,5,10,13,0,8
20200823OBSK0,8,9,0,9,1,9,1,5
20200824HHLG0,6,14,2,3,3,5,1,5
20200824NCKT0,1,8,0,3,8,14,0,4
20200825HHNC0,3,11,0,6,11,15,0,2
20200825HTOB0,8,9,1,11,10,15,1,5
20200825LGSS0,3,7,0,7,4,7,1,0
20200825SKLT0,10,11,2,9,8,11,1,4
20200825WOKT0,4,10,0,7,1,5,3,1
20200826HHNC0,5,7,2,5,9,11,2,4
20200826HTOB0,7,15,1,4,5,11,0,6
20200826LGSS0,8,10,1,3,5,9,0,2
20200826SKLT0,1,4,0,2,3,4,0,9
20200826WOKT0,5,8,1,3,6,10,0,7
20200827HTSK0,4,8,1,3,10,14,0,3
20200827KTLG0,0,2,1,6,2,6,0,2
20200827OBNC0,2,13,1,2,8,13,0,5
20200827SSHH0,0,8,0,1,7,11,1,4
20200827WOLT0,11,15,0,4,6,12,2,6
20200828HTSK0,11,13,1,4,8,11,1,9
20200828KTLG0,5,5,0,4,6,12,0,5
20200828OBNC0,11,18,0,6,4,10,1,4
20200828WOLT0,8,11,0,7,4,12,1,3
20200829HHLT0,7,11,0,2,9,11,1,6
20200829OBLG0,5,11,0,3,5,10,0,1
20200829SKNC0,5,9,2,2,9,14,0,4
20200829SSWO0,5,10,0,2,4,8,1,3
20200830HHLT0,2,6,1,2,6,10,1,3
20200830KTHT1,8,7,1,11,5,10,3,4
20200830KTHT2,5,10,2,3,7,10,2,4
20200830OBLG0,1,7,1,1,4,8,0,6
20200830SKNC0,4,7,1,3,7,7,0,8
20200830SSWO0,2,10,1,1,3,11,0,3
20200901HHOB0,0,3,1,0,4,10,0,2
20200901LGSK0,13,11,0,9,5,10,2,6
20200901LTKT0,2,6,1,6,11,14,0,3
20200901NCWO0,5,10,0,4,2,6,1,2
20200901SSHT0,0,4,1,1,6,9,1,9
20200902NCWO0,4,9,1,4,6,7,0,10
20200903HTLT0,4,10,0,1,3,5,0,3
20200903NCLG0,5,16,2,3,6,9,2,2
20200903OBSS0,10,10,3,3,11,16,2,4
20200903SKKT0,2,8,0,5,6,12,0,4
20200903WOHH0,6,9,2,5,5,11,0,6
20200904HTLT1,6,8,0,4,3,5,2,6
20200904HTLT2,7,10,0,3,9,14,0,3
20200904NCLG0,5,13,2,7,5,13,1,9
20200904OBSS0,5,8,1,5,12,16,0,9
20200904SKKT1,2,5,1,3,10,13,0,3
20200904SKKT2,5,10,0,0,7,9,0,9
20200904WOHH0,1,6,1,4,7,10,0,7
20200905HTHH0,5,13,1,6,4,8,0,3
20200905KTWO0,8,11,0,6,1,5,1,0
20200905SKOB0,1,5,0,2,5,6,0,9
20200906HTHH0,8,10,0,4,4,10,1,0
20200906KTWO0,8,12,0,5,7,9,1,4
20200906LGLT0,7,14,1,1,1,3,2,4
20200906NCSS1,3,5,0,2,5,10,0,3
20200906SKOB0,0,3,1,2,10,14,1,5
20200907LGLT0,6,16,0,3,12,16,1,6
20200908HHSS0,4,10,1,3,2,7,0,3
20200908KTOB0,0,6,0,5,8,12,1,3
20200908LGHT0,2,11,1,8,3,7,0,3
20200908LTNC0,2,6,1,5,14,17,0,4
20200908WOSK0,16,17,4,6,15,16,0,5
20200909HHSS1,4,10,0,3,4,7,3,4
20200909HHSS2,7,12,1,6,0,3,0,4
20200909KTOB0,4,5,0,4,2,10,2,3
20200909LTNC0,7,8,2,10,5,11,0,5
20200909WOSK0,13,11,1,16,4,9,4,2
20200910KTNC0,8,8,1,4,13,13,0,9
20200910OBHT0,5,9,0,6,4,7,0,4
20200910SKHH0,5,9,0,5,1,5,0,4
20200910SSLT0,8,10,1,3,13,21,1,5
20200910WOLG0,1,6,1,3,6,10,0,5
20200911KTNC0,1,6,0,6,9,13,0,3
20200911SKHH0,4,8,2,2,3,6,1,4
20200911SSLT0,4,8,2,1,12,14,2,8
20200911WOLG0,8,13,0,2,2,8,0,3
20200912HHKT0,2,7,0,1,5,9,0,6
20200912HTNC0,11,14,0,8,3,6,1,3
20200912LTSK0,1,6,1,5,2,5,0,3
20200912OBWO0,0,4,0,2,2,9,0,4
20200912SSLG0,5,7,0,4,1,2,0,1
20200913HHKT0,4,6,0,7,5,12,0,3
20200913HTNC0,4,10,1,3,3,8,2,6
20200913LTSK0,1,5,0,6,3,4,0,2
20200913OBWO0,6,15,0,7,6,13,2,11
20200913SSLG0,11,18,0,5,0,4,1,1
20200915LGHH0,5,8,0,3,6,11,2,7
20200915LTWO0,8,10,1,5,5,11,0,8
20200915NCOB0,3,6,1,4,7,8,1,4
20200915SKHT0,16,17,0,10,1,5,3,5
20200915SSKT0,7,14,2,4,0,8,1,2
20200916LGHH0,11,15,0,6,5,9,1,4
20200916LTWO0,8,14,2,4,2,4,0,5
20200916NCOB0,5,8,0,4,3,7,1,1
20200916SKHT0,7,11,0,8,6,10,1,6
20200916SSKT0,6,14,0,6,11,19,0,3
20200917HHWO0,2,3,0,2,5,4,0,8
20200917HTSS0,12,16,0,3,2,7,2,3
20200917LTLG0,1,8,3,0,9,8,1,4
20200917NCSK0,3,9,0,3,0,4,0,2
20200917OBKT0,0,6,0,0,3,9,3,3
20200918HHWO0,2,8,0,1,0,4,1,3
20200918HTSS0,13,15,2,8,5,9,1,4
20200918LTLG0,5,8,0,4,3,7,2,4
20200918NCSK0,9,8,0,7,5,8,0,6
20200918OBKT0,4,11,0,2,5,11,1,5
20200919HHHT0,0,5,1,0,8,10,0,4
20200919KTSK0,5,8,1,6,0,3,1,4
20200919LGOB0,9,18,1,4,6,10,1,3
20200919NCLT0,1,10,0,2,5,7,0,8
20200919WOSS0,8,15,1,3,7,11,0,3
20200920HHHT0,11,16,0,8,3,9,0,4
20200920KTSK0,10,11,1,5,2,3,2,3
20200920LGOB0,5,10,1,1,6,9,0,14
20200920NCLT1,7,10,1,2,2,8,1,3
20200920NCLT2,6,13,0,4,2,11,0,5
20200920WOSS0,6,13,4,4,14,18,0,5
20200922KTLT0,0,2,0,2,8,10,1,5
20200922OBHH0,1,6,0,4,5,6,0,5
20200922SKLG0,2,3,1,1,7,7,2,5
20200922SSNC0,2,6,0,1,3,6,0,6
20200922WOHT0,2,5,1,3,0,4,1,3
20200923KTLT0,10,16,0,4,5,9,2,8
20200923OBHH0,5,11,0,5,6,12,0,3
20200923SKLG0,2,8,0,1,6,10,1,1
20200923SSNC0,7,10,0,2,8,10,1,5
20200923WOHT0,13,17,0,5,1,5,0,2
20200924HTKT0,5,16,1,5,3,8,0,3
20200924LGNC0,8,9,1,7,12,17,0,5
20200924LTHH0,4,6,3,5,7,15,3,4
20200924SKWO0,1,6,1,4,6,9,0,3
20200924SSOB0,0,7,3,2,1,1,1,6
20200925HTKT0,3,12,0,3,7,12,0,7
20200925LGNC0,1,7,1,3,7,9,1,9
20200925LTHH0,5,13,0,4,6,13,0,7
20200925SKWO0,8,10,1,7,6,17,0,4
20200925SSOB0,4,7,0,2,3,7,1,2
20200926LGKT0,3,7,1,6,1,7,0,4
20200926LTHT0,16,18,1,5,3,8,0,6
20200926NCHH0,13,16,0,9,1,9,1,1
20200926SKSS0,2,8,0,2,8,12,0,4
20200926WOOB0,0,3,0,2,4,9,0,2
20200927LGKT0,4,9,2,2,5,8,1,7
20200927LTHT0,1,6,1,3,2,9,0,4
20200927NCHH0,5,9,2,5,4,5,1,5
20200927SKSS0,12,16,1,3,1,3,0,6
20200927WOOB1,7,12,2,2,3,7,0,5
20200927WOOB2,1,11,2,2,6,10,0,6
20200929HTWO0,10,12,0,9,6,13,2,4
20200929KTSS0,4,10,1,6,1,9,0,0
20200929LTLG0,8,15,1,4,5,9,0,1
20200929OBHH0,7,7,1,8,3,10,0,1
20200929SKNC0,0,6,0,2,3,11,0,5
20200930HTWO0,3,9,0,2,2,5,1,2
20200930KTSS0,5,13,0,2,3,5,0,7
20200930LTLG0,3,7,0,4,5,8,0,3
20200930OBHH0,0,1,0,4,10,15,0,5
20200930SKNC0,3,7,1,4,12,9,1,7
20201001HTWO0,3,9,0,4,1,6,0,3
20201001KTSS0,6,8,2,2,7,16,1,1
20201001LTLG0,3,7,0,3,2,6,0,4
20201001OBHH0,4,9,1,2,12,15,0,2
20201001SKNC0,2,3,0,3,10,7,1,6
20201002HHLT0,1,5,0,1,4,6,2,6
20201002HTOB0,3,9,1,3,14,17,0,7
20201002LGKT0,2,4,0,6,5,6,1,7
20201002SSNC0,8,13,0,6,2,4,0,3
20201002WOSK0,12,15,0,9,5,12,0,7
20201003HHLT0,0,5,1,3,10,9,0,9
20201003HTOB0,2,8,1,1,7,13,0,6
20201003LGKT1,7,10,0,4,2,8,1,1
20201003LGKT2,2,7,2,2,12,17,0,3
20201003SSNC1,6,13,0,7,6,11,0,7
20201003SSNC2,2,4,1,3,12,19,0,8
20201003WOSK0,3,7,0,9,9,13,1,4
20201004HHLT0,5,16,0,2,14,17,1,7
20201004HTOB0,1,7,0,2,7,9,0,7
20201004LGKT0,13,13,0,7,8,15,2,5
20201004SSNC0,1,10,0,5,4,4,1,3
20201004WOSK0,0,6,0,6,6,13,0,5
20201006HHHT0,3,7,0,7,2,12,0,2
20201006KTLT0,9,12,1,8,10,14,0,7
20201006NCWO0,1,5,0,3,2,6,1,2
20201006OBSK0,9,8,0,9,4,9,1,4
20201006SSLG0,3,5,1,7,2,9,2,3
20201007HHHT1,4,10,1,2,6,11,0,3
20201007HHHT2,5,10,1,6,0,5,0,4
20201007KTLT0,9,11,2,4,6,15,2,6
20201007NCWO0,4,6,1,7,3,9,1,3
20201007OBSK0,4,12,0,4,5,9,0,8
20201007SSLG0,1,5,1,3,3,7,2,6
20201008HHHT0,13,16,1,11,6,11,3,3
20201008KTLT0,6,8,0,4,5,8,0,5
20201008NCWO0,7,15,0,4,10,15,0,7
20201008OBSK0,10,14,0,8,0,5,0,1
20201008SSLG0,0,5,0,0,1,8,0,5
20201009LTSS0,3,5,1,6,7,8,1,7
20201009NCLG0,0,2,0,4,4,9,0,3
20201009OBKT0,4,11,0,4,0,5,0,2
20201009SKHT0,3,7,0,4,5,7,1,4
20201009WOHH0,6,7,2,7,7,9,2,5
20201010LTSS0,1,6,0,3,0,3,2,1
20201010NCLG1,0,5,1,3,5,8,0,8
20201010NCLG2,5,13,0,2,9,9,0,6
20201010OBKT0,13,18,1,5,8,14,1,7
20201010SKHT0,2,4,0,6,1,4,0,3
20201010WOHH0,3,7,0,6,0,2,1,3
20201011LTSS0,4,10,2,1,8,13,1,4
20201011NCLG0,3,7,1,7,7,12,0,5
20201011OBKT0,4,10,0,5,5,11,1,4
20201011SKHT0,9,15,0,7,5,11,2,11
20201011WOHH0,3,8,0,3,9,13,0,3
20201013HHOB0,0,3,0,2,5,11,0,2
20201013HTNC0,11,13,2,8,9,12,1,7
20201013LGLT0,2,7,1,1,17,17,0,10
20201013SKSS0,7,9,2,5,3,5,3,3
20201013WOKT0,3,6,4,4,7,13,0,2
20201014HHOB0,1,5,0,3,2,4,1,4
20201014HTNC0,3,6,0,9,8,10,2,8
20201014LGLT0,0,8,0,3,3,10,0,3
20201014SKSS0,1,6,0,2,2,5,1,5
20201014WOKT0,5,10,0,6,3,4,1,5
20201015HHOB0,3,8,0,1,16,18,0,8
20201015HTNC0,12,15,0,5,11,13,1,5
20201015LGLT0,6,10,0,2,2,9,0,3
20201015SKSS0,10,15,2,2,3,5,0,3
20201015WOKT0,4,6,1,5,0,3,3,3
20201016HTLG0,0,6,0,0,9,12,1,6
20201016KTSK0,1,8,2,1,7,7,0,4
20201016LTNC0,5,7,0,4,6,10,1,5
20201016OBWO0,4,8,1,7,7,13,0,4
20201016SSHH0,6,8,0,4,2,9,0,2
20201017HTLG0,8,12,0,6,11,15,1,7
20201017KTSK0,6,8,0,6,4,12,0,4
20201017LTNC0,3,5,0,8,4,13,0,2
20201017OBWO0,3,6,1,1,5,9,0,8
20201017SSHH1,4,12,0,3,4,8,0,5
20201017SSHH2,4,10,1,4,2,6,0,4
20201018HTLG0,4,5,0,8,0,4,2,1
20201018KTSK0,7,13,1,3,5,11,0,2
20201018LTNC0,9,11,0,3,2,8,2,4
20201018OBWO0,8,13,0,4,2,6,3,1
20201018SSHH0,5,7,0,4,4,12,1,5
20201020LGKT0,7,7,0,7,6,14,3,5
20201020NCHT0,13,18,1,6,3,8,2,2
20201020OBLT0,6,11,0,4,1,5,1,0
20201020SSSK0,12,16,0,5,2,6,0,2
20201021LTSK0,3,6,0,5,11,12,2,4
20201021SSKT0,1,9,2,1,2,5,0,5
20201022HTHH0,10,14,0,6,4,11,1,5
20201022KTOB0,17,18,0,8,5,10,3,6
20201022LTSK0,8,12,2,1,9,11,1,4
20201023LGHT0,8,5,0,12,4,9,3,4
20201023LTSK0,3,9,0,6,0,6,1,3
20201023NCHH0,6,10,2,4,11,17,0,4
20201023WOOB0,6,9,0,7,2,5,0,3
20201024LGNC0,3,9,0,0,3,13,1,3
20201024LTOB0,1,5,0,6,2,7,1,4
20201024SSHT0,11,12,0,12,7,12,0,4
20201025LTKT0,5,9,2,4,10,12,1,5
20201025SSHT0,1,7,1,4,10,13,0,6
20201027HHOB0,0,5,0,1,3,9,0,6
20201027KTHT0,7,11,1,4,6,12,0,3
20201027SKLT0,0,5,2,4,1,3,1,4
20201027SSNC0,12,17,0,3,2,6,3,3
20201028HHLG0,7,13,1,7,6,11,1,7
20201028KTHT0,3,7,1,6,4,10,2,1
20201028NCLT0,7,11,1,3,1,5,2,6
20201029KTHH0,12,16,1,6,1,4,2,2
20201029NCLT0,11,17,2,3,4,10,0,3
20201029OBHT0,9,15,2,5,2,9,1,3
20201030HTLT0,2,8,1,1,13,20,0,4
20201030KTHH0,3,10,2,5,4,6,1,5
20201030LGSK0,2,5,0,8,3,6,0,7
20201030NCSS0,4,9,1,8,4,7,0,4
20201030WOOB0,0,2,0,0,2,8,0,1
20201031NCHT0,3,11,1,1,4,10,2,6
20210403SSWO0,1,6,1,1,6,8,0,4
20210404HHKT0,2,6,0,5,3,6,0,3
20210404HTOB0,1,9,0,3,4,8,1,2
20210404LGNC0,2,8,0,5,1,6,2,5
20210404LTSK0,3,12,0,1,5,9,0,3
20210404SSWO0,4,8,0,6,7,11,1,8
20210406HHSK0,1,2,0,3,2,5,1,3
20210406HTWO0,5,13,0,3,4,5,2,3
20210406LGKT0,3,4,1,1,2,4,2,4
20210406LTNC0,10,15,0,5,5,8,3,4
20210406SSOB0,3,9,1,1,6,8,0,5
20210407HHSK0,17,18,0,10,0,4,1,7
20210407HTWO0,8,15,2,8,7,8,1,7
20210407LGKT0,3,6,0,9,7,13,1,5
20210407LTNC0,6,9,1,8,10,9,2,8
20210407SSOB0,0,9,0,4,1,7,0,3
20210408HHSK0,4,4,1,6,6,8,2,5
20210408HTWO0,5,7,0,7,3,4,0,8
20210408LGKT0,7,10,1,4,3,8,1,5
20210408LTNC0,8,13,1,10,4,6,1,12
20210408SSOB0,6,9,0,4,1,5,1,4
20210409KTSS0,5,11,1,4,7,10,2,3
20210409NCHT0,10,14,1,7,6,13,0,2
20210409OBHH0,0,7,2,0,7,14,0,1
20210409SKLG0,5,5,1,10,9,13,1,10
20210409WOLT0,7,10,1,6,2,6,0,4
20210410KTSS0,6,8,0,4,7,9,1,5
20210410NCHT0,9,12,0,5,2,5,0,4
20210410OBHH0,18,19,0,12,1,5,3,3
20210410SKLG0,4,11,0,3,3,9,0,7
20210410WOLT0,0,6,0,3,13,17,0,5
20210411KTSS0,2,7,0,6,4,9,0,5
20210411NCHT0,7,12,1,3,3,10,0,1
20210411OBHH0,2,6,1,2,3,10,1,6
20210411SKLG0,0,3,1,1,1,3,0,2
20210411WOLT0,3,6,1,8,2,11,1,10
20210413HHSS0,3,8,0,2,4,5,0,10
20210413KTOB0,8,14,0,6,7,12,0,2
20210413LGWO0,2,6,0,3,8,13,0,6
20210413LTHT0,8,12,1,11,0,2,1,2
20210413NCSK0,4,7,2,4,2,4,2,4
20210414HHSS0,6,11,0,3,2,4,0,2
20210414KTOB0,1,7,1,2,3,6,0,5
20210414LGWO0,13,14,0,7,2,3,1,3
20210414LTHT0,2,10,0,5,3,5,1,7
20210414NCSK0,3,2,0,3,0,5,0,4
20210415HHSS0,0,2,1,1,4,4,0,7
20210415KTOB0,8,17,2,6,3,6,2,3
20210415LGWO0,6,8,1,2,4,10,0,1
20210415LTHT0,5,9,0,7,10,13,0,9
20210415NCSK0,3,5,1,5,9,13,0,0
20210416HHNC0,1,7,1,3,9,11,0,7
20210416HTSK0,11,16,0,4,6,11,1,10
20210416OBLG0,0,6,1,7,1,7,1,5
20210416SSLT0,3,11,1,5,9,10,2,6
20210416WOKT0,4,10,0,2,8,8,0,5
20210417HHNC0,4,6,1,2,14,14,0,11
20210417HTSK0,3,7,0,6,4,12,2,3
20210417OBLG0,3,10,0,3,1,4,0,4
20210417SSLT0,12,17,1,8,0,4,1,4
20210417WOKT0,5,9,1,7,8,10,1,10
20210418HHNC0,11,11,1,6,3,5,0,7
20210418HTSK0,2,4,0,10,4,5,1,7
20210418OBLG0,9,16,1,5,1,8,2,5
20210418SSLT0,7,9,0,4,0,4,0,2
20210418WOKT0,2,7,3,1,10,14,2,6
20210420HTLG0,6,9,0,8,3,9,3,8
20210420KTNC0,5,10,0,9,2,5,1,5
20210420OBLT0,5,11,1,3,10,10,1,8
20210420SKSS0,10,12,2,4,7,12,1,3
20210420WOHH0,3,7,2,3,7,8,1,3
20210421HTLG0,3,10,1,5,7,4,1,6
20210421KTNC0,3,8,1,6,4,9,0,3
20210421OBLT0,9,12,0,3,10,13,0,9
20210421SKSS0,4,11,4,6,14,15,0,11
20210421WOHH0,3,7,1,9,4,13,1,5
20210422HTLG0,3,5,0,11,2,7,0,8
20210422KTNC0,11,13,1,3,5,9,1,4
20210422OBLT0,13,18,1,4,1,5,4,3
20210422SKSS0,11,7,1,5,6,11,3,4
20210422WOHH0,8,11,2,6,3,7,1,5
20210423LGHH0,2,9,1,7,1,4,1,5
20210423LTKT0,10,11,1,4,5,12,0,6
20210423NCOB0,1,5,1,4,5,11,0,5
20210423SKWO0,9,11,1,8,5,10,1,3
20210423SSHT0,1,5,2,2,4,9,0,1
20210424LGHH0,5,10,2,8,19,18,1,10
20210424LTKT0,4,15,0,2,2,7,1,1
20210424NCOB0,6,12,1,4,9,14,1,4
20210424SKWO0,5,11,0,3,4,10,0,4
20210424SSHT0,8,13,0,6,4,9,0,5
20210425LGHH0,8,9,0,4,0,1,0,2
20210425LTKT0,5,8,1,6,6,10,2,12
20210425NCOB0,10,15,1,5,0,5,0,3
20210425SKWO0,3,6,0,4,4,9,1,4
20210425SSHT0,3,9,0,6,2,10,1,4
20210427HHHT0,3,6,2,6,4,6,0,2
20210427KTSK0,14,18,1,11,5,8,1,1
20210427LTLG0,0,4,0,6,4,8,0,3
20210427NCSS0,0,6,0,2,9,14,1,2
20210427OBWO0,4,12,0,8,5,10,1,4
20210428HHHT0,0,3,2,1,4,5,0,5
20210428KTSK0,2,6,1,4,4,7,0,7
20210428LTLG0,3,7,1,2,0,2,0,2
20210428NCSS0,3,7,2,6,4,11,0,4
20210428OBWO0,4,11,2,7,5,13,0,7
20210429HHHT0,2,3,1,9,3,5,2,9
20210429KTSK0,6,8,0,9,1,5,0,4
20210429LTLG0,2,9,0,3,3,6,2,3
20210429NCSS0,9,19,0,5,0,3,0,1
20210429OBWO0,15,13,0,14,4,7,0,1
20210430HHLT0,11,15,0,9,7,12,0,6
20210430HTKT0,3,8,2,3,15,16,0,8
20210430LGSS0,0,6,0,1,4,7,0,8
20210430SKOB0,4,8,1,4,9,13,1,6
20210430WONC0,4,7,0,5,3,9,1,2
20210501HHLT0,11,14,0,8,3,5,2,2
20210501HTKT0,0,5,1,4,3,8,0,4
20210501LGSS0,2,10,0,6,8,9,1,5
20210501SKOB0,5,10,1,9,2,7,3,4
20210501WONC0,13,12,2,12,9,11,2,5
20210502HHLT0,5,10,0,5,4,6,1,5
20210502HTKT0,2,9,0,4,9,13,0,7
20210502LGSS0,4,10,1,2,6,7,0,3
20210502SKOB0,5,15,0,3,8,9,3,6
20210502WONC0,0,6,2,6,5,10,0,3
20210505HTLT0,8,15,0,2,5,12,1,2
20210505KTWO0,0,4,1,1,14,18,0,4
20210505LGOB0,7,14,1,4,4,9,0,6
20210505SKNC0,13,14,2,10,12,13,2,7
20210505SSHH0,4,9,1,4,1,4,1,5
20210506HTLT0,9,11,1,8,17,16,2,7
20210506KTWO0,4,8,2,4,6,8,0,5
20210506LGOB0,7,8,0,10,2,7,0,4
20210506SKNC0,1,7,3,5,7,10,1,7
20210506SSHH0,5,10,1,6,6,10,0,5
20210507LTSS0,1,6,0,0,4,8,0,4
20210508HHLG0,2,9,2,0,11,11,2,6
20210508LTSS0,9,16,1,5,8,15,1,3
20210508NCKT0,5,9,0,7,4,8,1,9
20210508OBHT0,11,20,0,5,5,7,1,5
20210508WOSK0,9,14,1,4,2,8,0,2
20210509HHLG1,1,5,0,4,11,13,0,7
20210509HHLG2,5,9,1,6,4,11,1,6
20210509LTSS0,6,10,1,6,8,11,0,4
20210509NCKT1,16,20,1,8,11,13,1,5
20210509NCKT2,5,10,0,1,9,10,3,10
20210509OBHT1,5,10,0,6,3,7,2,7
20210509OBHT2,9,12,1,9,0,7,0,5
20210509WOSK1,1,3,2,6,4,8,1,1
20210509WOSK2,3,7,1,9,4,8,0,7
20210511LGHT0,1,6,0,8,7,14,2,2
20210511NCHH0,7,9,0,10,2,7,1,3
20210511SKLT0,7,9,1,4,6,9,1,10
20210511SSKT0,6,7,1,5,9,13,3,3
20210511WOOB0,2,7,0,8,3,6,0,5
20210512LGHT0,3,7,1,7,5,9,2,6
20210512NCHH0,6,7,2,6,3,5,0,7
20210512SKLT0,9,12,1,9,2,7,2,5
20210512SSKT0,7,9,1,3,5,10,2,2
20210512WOOB0,3,5,0,5,0,5,1,2
20210513LGHT0,8,11,1,5,3,6,1,8
20210513NCHH0,4,5,0,5,2,10,3,6
20210513SKLT0,4,6,2,7,5,10,1,3
20210513SSKT0,4,8,0,5,0,7,3,5
20210513WOOB0,14,14,2,6,13,17,2,9
20210514HHWO0,6,9,0,6,1,7,0,5
20210514HTNC0,2,8,0,5,5,9,0,7
20210514KTLT0,9,15,0,7,1,6,1,4
20210514OBSK0,6,8,2,4,3,9,2,8
20210514SSLG0,3,7,3,4,4,7,1,1
20210515HHWO0,1,9,2,3,15,15,1,9
20210515HTNC0,3,11,1,2,7,13,0,2
20210515KTLT0,5,8,0,4,4,15,0,4
20210515SSLG0,4,4,0,6,14,15,1,4
20210516HHWO0,1,6,0,1,5,9,0,3
20210517OBSK0,8,10,1,9,3,8,3,1
20210517SSLG0,3,6,0,2,1,3,0,9
20210518LTHH0,4,8,0,7,3,6,2,4
20210518NCLG0,0,4,0,5,1,4,0,6
20210518OBKT0,0,5,1,4,1,8,0,1
20210518SKHT0,7,14,0,4,5,11,1,6
20210518WOSS0,15,18,2,6,3,8,0,3
20210519LTHH0,2,5,0,4,12,14,0,4
20210519NCLG0,5,8,0,8,6,12,0,5
20210519OBKT0,5,9,1,4,6,9,0,4
20210519SKHT0,11,13,0,9,5,11,2,6
20210519WOSS0,9,14,0,5,2,11,0,3
20210520NCLG0,11,19,2,3,1,5,1,1
20210521HTSS0,3,10,0,1,5,10,0,5
20210521KTHH0,0,4,2,4,4,5,0,6
20210521LGSK0,5,7,2,8,6,11,0,9
20210521LTOB0,9,13,1,3,1,6,1,3
20210521NCWO0,0,3,0,6,2,4,0,4
20210522HTSS0,9,11,2,3,4,7,2,1
20210522KTHH0,0,1,1,5,5,5,1,7
20210522LGSK0,3,10,0,2,8,9,1,4
20210522LTOB0,3,9,0,7,4,6,0,1
20210522NCWO0,6,15,2,2,13,19,0,3
20210523HTSS0,5,11,1,7,7,7,2,6
20210523KTHH0,8,5,1,14,1,5,0,6
20210523LGSK0,0,6,2,6,8,11,0,2
20210523LTOB0,0,9,1,2,4,9,0,6
20210523NCWO0,4,14,2,3,7,10,2,0
20210526HHOB0,3,11,0,4,9,12,0,8
20210526LGLT0,5,13,0,4,3,5,0,2
20210526SKKT0,9,10,1,9,5,13,0,6
20210526SSNC0,7,16,0,6,1,4,0,4
20210526WOHT0,2,4,1,5,3,3,1,5
20210527HHOB0,3,7,1,9,0,4,1,4
20210527LGLT0,8,11,0,6,1,3,2,2
20210527SKKT0,5,9,1,6,6,11,2,6
20210527SSNC0,3,8,2,2,6,11,2,5
20210527WOHT0,4,9,1,8,5,10,0,4
20210528KTHT0,6,8,1,4,7,12,0,11
20210528OBSS0,9,16,0,4,4,12,1,2
20210528SKHH0,12,14,0,8,3,6,0,7
20210528WOLG0,1,6,1,4,3,8,0,2
20210529KTHT0,7,8,0,11,5,14,1,3
20210529NCLT1,10,12,0,3,10,15,1,5
20210529NCLT2,6,12,1,3,2,5,2,3
20210529OBSS0,4,10,0,7,16,24,0,4
20210529SKHH0,6,8,0,10,2,2,1,3
20210529WOLG0,7,12,0,8,2,7,0,6
20210530KTHT0,4,7,0,3,3,4,0,6
20210530NCLT0,5,4,0,7,4,8,0,7
20210530OBSS0,4,9,0,3,2,6,1,4
20210530SKHH0,5,12,1,7,1,8,1,5
20210530WOLG0,2,6,1,3,8,9,2,7
20210601HTHH0,1,7,1,4,9,12,0,3
20210601KTLG0,8,16,1,3,1,3,0,4
20210601LTWO0,3,9,0,2,0,4,0,3
20210601OBNC0,4,10,0,2,3,9,0,1
20210601SSSK0,0,4,0,1,1,6,0,3
20210602HTHH0,5,10,1,7,3,5,1,9
20210602KTLG0,5,8,1,2,6,9,0,3
20210602LTWO0,4,8,0,3,2,2,1,8
20210602OBNC0,5,6,1,3,9,12,1,7
20210602SSSK0,8,12,1,9,7,8,2,10
20210603LTWO0,4,9,1,4,9,13,2,6
20210604HHNC0,3,7,1,3,6,9,0,7
20210604LGHT0,3,7,2,3,4,7,1,8
20210604LTKT0,15,16,0,9,0,3,3,3
20210604SKOB0,2,10,1,3,3,6,0,2
20210604SSWO0,6,12,0,5,3,7,1,6
20210605HHNC0,1,8,0,2,6,11,0,5
20210605LGHT0,8,16,2,4,2,8,0,6
20210605LTKT0,1,5,0,2,8,13,0,3
20210605SKOB0,5,10,0,2,8,11,0,8
20210605SSWO0,2,6,0,1,6,15,0,2
20210606HHNC0,13,11,0,13,10,12,0,6
20210606LGHT0,10,11,0,6,0,6,2,5
20210606LTKT0,8,15,0,8,7,12,0,6
20210606SKOB0,4,8,1,5,1,5,0,0
20210606SSWO0,3,10,0,3,1,5,1,8
20210608HTSS0,0,5,0,8,7,10,0,6
20210608KTSK0,4,11,1,2,2,6,0,3
20210608NCLG0,1,4,0,4,2,6,0,7
20210608OBLT0,9,9,1,7,18,19,0,3
20210608WOHH0,2,6,2,5,4,4,2,7
20210609HTSS0,7,9,0,7,5,10,0,8
20210609KTSK0,7,13,0,5,3,5,1,3
20210609NCLG0,3,10,0,4,6,7,1,8
20210609OBLT0,14,13,2,7,8,10,0,7
20210609WOHH0,6,5,0,8,2,3,1,5
20210610HTSS0,2,8,0,4,4,10,1,1
20210610NCLG0,6,8,0,5,0,6,0,3
20210610OBLT0,4,8,0,3,5,13,1,2
20210610WOHH0,0,4,0,3,1,5,2,3
20210611HHKT0,5,16,0,7,6,10,1,3
20210611NCSS0,5,14,0,5,4,5,0,3
20210611OBLG0,1,7,1,3,3,5,0,11
20210611WOSK0,6,10,2,8,8,12,0,3
20210612HHKT0,2,9,4,6,7,11,0,8
20210612NCSS0,1,6,1,5,4,10,0,4
20210612OBLG0,8,10,0,6,3,6,1,3
20210612WOSK0,4,6,2,4,5,5,1,10
20210613HHKT0,3,10,1,2,6,7,1,5
20210613HTLT1,6,12,0,5,8,12,0,9
20210613HTLT2,6,11,0,4,3,11,1,8
20210613NCSS0,3,6,1,12,5,7,0,4
20210613OBLG0,0,5,0,2,2,9,0,8
20210613WOSK0,7,5,0,7,3,5,0,4
20210615LGWO0,4,9,0,5,2,8,0,3
20210615LTHH0,2,6,0,5,3,7,0,4
20210615SSOB0,8,11,1,5,6,10,1,6
20210616KTNC0,7,10,0,8,3,5,0,1
20210616LGWO0,3,8,1,5,6,8,0,7
20210616LTHH1,4,8,0,5,9,12,0,5
20210616LTHH2,3,6,0,4,4,9,0,3
20210616SKHT1,10,9,0,14,1,8,2,6
20210616SKHT2,0,2,1,3,2,7,2,4
20210616SSOB0,5,7,0,1,3,8,1,1
20210617KTNC0,1,3,0,4,9,10,0,4
20210617LGWO0,6,12,0,5,5,13,0,5
20210617LTHH0,9,15,0,3,2,7,1,5
20210617SKHT0,6,12,0,6,3,5,1,1
20210617SSOB0,2,6,1,2,6,11,0,3
20210618HTLG0,0,3,0,4,5,5,1,3
20210618OBKT0,11,17,1,4,3,7,1,3
20210618SKHH0,3,10,1,9,4,8,2,7
20210618SSLT0,4,6,2,4,7,5,0,4
20210618WONC0,0,7,0,2,5,7,0,2
20210619HTLG0,2,14,0,4,7,9,1,5
20210619OBKT1,9,14,0,7,3,7,0,3
20210619OBKT2,3,7,0,4,4,7,0,7
20210619SKHH0,7,9,1,4,5,10,0,8
20210619SSLT0,9,15,0,7,1,8,2,4
20210619WONC0,12,17,1,4,7,12,1,3
20210620HTLG0,0,7,0,2,6,7,0,7
20210620OBKT0,1,8,0,2,4,9,1,2
20210620SKHH0,4,11,2,3,3,3,0,7
20210620SSLT0,7,11,1,5,8,13,1,3
20210620WONC0,8,9,2,9,4,8,1,4
20210622HHSS0,0,3,2,1,9,14,1,3
20210622HTKT0,3,5,1,3,6,6,0,5
20210622LGSK0,14,16,1,4,1,3,1,5
20210622NCLT0,5,7,0,8,2,7,0,4
20210622WOOB0,3,7,1,8,10,13,0,6
20210623HHSS0,0,5,1,1,3,9,2,5
20210623HTKT0,2,3,0,2,1,6,1,2
20210623LGSK0,4,7,0,7,7,6,1,8
20210623NCLT0,7,9,0,6,13,16,1,5
20210623WOOB0,4,10,0,4,3,9,0,5
20210624HHSS0,2,7,1,3,3,7,0,4
20210624HTKT0,3,6,2,2,6,8,0,9
20210624LGSK0,5,9,1,3,8,11,0,6
20210624NCLT0,6,9,1,3,4,8,0,5
20210624WOOB0,2,7,1,3,1,7,0,6
20210625HTWO0,5,8,0,6,14,16,1,9
20210625KTHH0,2,4,1,5,0,2,0,1
20210625LTOB0,9,14,1,5,1,5,0,3
20210625SKNC0,10,12,0,7,11,17,2,6
20210626HTWO0,1,5,1,2,6,12,1,4
20210626KTHH0,11,10,0,6,2,5,0,3
20210626LGSS1,10,11,0,8,5,14,3,2
20210626LGSS2,7,10,3,10,10,8,0,6
20210626LTOB0,4,11,1,1,3,5,0,4
20210626SKNC0,10,15,1,6,10,16,1,7
20210627HTWO0,4,5,0,4,5,6,0,7
20210627KTHH0,11,11,1,8,1,8,1,2
20210627LGSS0,9,16,2,2,5,12,0,1
20210627LTOB0,7,10,1,9,6,12,0,2
20210627SKNC0,3,7,0,8,4,7,1,1
20210629LTWO0,13,17,0,5,5,9,1,9
20210629NCHT0,7,10,0,4,3,8,0,3
20210629SSSK0,3,10,2,4,10,14,0,3
20210630KTLG0,4,6,0,2,3,5,0,1
20210630LTWO0,5,7,1,3,6,10,1,5
20210630OBHH0,8,9,0,7,6,13,0,7
20210630SSSK1,3,8,2,2,3,6,1,4
20210630SSSK2,4,8,0,2,8,12,0,6
20210701KTLG0,6,8,0,4,1,7,1,2
20210701LTWO0,1,3,0,1,13,12,0,10
20210701NCHT0,3,9,0,5,6,11,1,5
20210701OBHH0,10,13,0,5,3,8,1,1
20210701SSSK0,8,12,1,7,7,12,0,5
20210702HHLG0,5,11,1,3,3,7,0,3
20210702LTSK0,6,15,0,2,5,7,0,9
20210702OBHT0,3,9,0,2,8,11,0,3
20210702SSNC0,5,9,0,9,2,6,3,5
20210702WOKT0,1,6,2,4,4,5,0,2
20210704HHLG0,0,4,0,2,5,10,0,2
20210704LTSK0,6,9,1,7,4,9,1,5
20210704OBHT0,3,7,0,5,7,11,0,5
20210704SSNC0,5,11,0,1,0,1,1,4
20210704WOKT0,3,7,2,6,12,12,0,5
20210705HHLG0,6,7,0,6,7,7,0,14
20210705LTSK0,4,9,0,8,10,11,0,7
20210705WOKT0,15,15,0,3,5,10,1,5
20210706NCOB0,7,11,1,6,3,12,1,5
20210706SKWO0,0,5,1,3,4,7,2,5
20210707HTHH0,4,7,1,6,1,6,0,7
20210707NCOB0,2,8,0,0,4,8,0,10
20210707SKWO0,2,6,2,2,8,10,0,5
20210708KTSS0,3,8,0,4,2,7,0,1
20210708SKWO0,9,13,0,6,3,7,0,8
20210709HHSK0,9,12,1,7,3,4,1,7
20210709KTHT0,4,10,1,1,10,15,0,3
20210709LTSS0,9,16,0,7,5,9,1,8
20210710HHSK0,3,4,0,10,1,2,0,5
20210710LTSS0,2,7,1,0,3,8,0,0
20210711HHSK0,2,4,0,1,8,13,0,7
20210711KTHT0,0,2,1,5,2,4,2,2
20210711LTSS0,0,6,3,3,11,14,0,1
20210810HHHT0,1,6,3,3,4,7,0,8
20210810KTWO0,1,6,3,5,3,4,0,4
20210810LTNC0,5,11,0,3,2,7,2,1
20210810SKLG0,0,5,0,0,4,8,1,5
20210811HHHT0,7,5,1,8,7,8,0,7
20210811KTWO0,1,8,2,6,4,7,0,5
20210811LTNC0,5,7,0,4,4,8,0,4
20210811OBSS0,8,8,1,2,6,6,1,9
20210811SKLG0,5,11,1,6,12,17,0,3
20210812KTWO0,4,7,0,11,6,9,1,6
20210812LTNC0,4,7,0,3,5,9,0,5
20210812OBSS0,2,5,1,2,9,9,0,8
20210813HTSK0,8,9,1,9,1,9,0,2
20210813LTLG0,2,5,0,2,0,1,1,3
20210813NCHH0,5,10,0,4,1,3,1,4
20210813OBWO0,16,19,2,7,9,8,1,6
20210813SSKT0,6,7,1,6,7,10,0,6
20210814HTSK0,2,6,1,2,2,5,1,4
20210814LTLG0,4,6,1,5,3,5,0,8
20210814NCHH0,9,11,0,9,9,9,1,6
20210814OBWO0,1,8,0,0,5,10,3,4
20210814SSKT0,4,7,0,2,8,11,0,3
20210815HTSK0,5,9,1,2,10,11,0,5
20210815LTLG0,1,5,1,2,7,15,1,5
20210815NCHH0,3,8,1,5,3,9,0,7
20210815OBWO0,1,5,0,2,8,8,0,7
20210815SSKT0,4,6,2,4,6,11,1,3
20210817LGKT0,5,9,1,5,5,6,1,7
20210817SSHH0,2,6,0,4,4,5,0,7
20210817WOLT0,0,5,1,2,1,5,0,1
20210818HTOB0,7,5,0,6,3,7,0,3
20210818LGKT0,1,3,4,4,8,14,0,2
20210818NCSK0,1,8,0,3,6,10,0,2
20210818SSHH0,6,8,0,7,2,8,0,2
20210818WOLT0,0,5,2,3,3,5,0,8
20210819HTOB0,5,8,1,3,5,9,0,3
20210819LGKT0,1,6,0,2,0,3,0,5
20210819NCSK0,8,12,1,4,5,11,1,5
20210819SSHH0,11,13,2,11,3,4,2,4
20210820HHOB0,1,4,2,4,9,11,0,4
20210820KTLT0,5,6,0,5,4,11,0,7
20210820LGNC0,3,8,0,4,8,11,1,6
20210820SKSS0,2,8,0,0,3,5,0,3
20210820WOHT0,2,6,1,2,3,4,1,2
20210821HHOB0,3,6,0,5,1,7,1,2
20210822HHOB0,11,10,2,7,3,6,0,4
20210822KTLT0,3,8,0,8,1,4,0,4
20210822LGNC0,3,6,0,3,4,7,1,4
20210822SKSS0,4,6,0,3,4,8,1,0
20210822WOHT0,6,8,1,6,1,7,2,3
20210823KTLT0,2,6,1,3,6,9,0,4
20210824HHOB0,8,12,2,3,11,17,1,6
20210824SKSS0,8,8,1,9,9,15,3,8
20210824WOHT0,8,10,1,5,2,12,0,3
20210825HHWO0,7,9,0,5,2,9,1,6
20210825LTHT0,6,12,1,3,11,14,1,11
20210825SKKT0,1,5,1,1,7,12,1,7
20210825SSLG0,3,8,1,1,3,9,0,4
20210826HHWO0,4,9,0,6,4,8,1,3
20210826LTHT0,3,5,0,9,3,7,3,11
20210826OBNC1,7,7,0,5,0,4,4,3
20210826OBNC2,5,4,1,3,3,10,2,5
20210826SKKT0,5,9,2,1,10,17,0,1
20210826SSLG0,3,9,1,5,4,10,1,4
20210827HHWO0,3,5,2,6,4,12,1,2
20210827OBNC0,2,5,2,5,4,8,2,5
20210827SKKT0,4,10,1,3,6,10,0,4
20210827SSLG0,1,5,0,1,3,8,0,4
20210828HTSK0,4,4,0,5,12,14,0,3
20210828NCHH0,1,5,2,1,9,13,0,6
20210828OBLT0,10,13,2,4,10,15,2,5
20210828SSKT0,6,8,0,6,5,8,2,3
20210828WOLG0,2,4,1,3,3,6,0,4
20210829HTSK0,0,3,0,5,9,11,0,3
20210829NCHH0,2,8,0,4,3,5,0,5
20210829OBLT0,2,5,0,3,4,9,0,6
20210829SSKT0,3,9,0,4,8,12,1,4
20210829WOLG0,2,1,0,4,11,11,0,7
20210831KTHH0,2,4,3,3,5,10,0,2
20210831LGLT0,9,14,1,3,4,9,0,7
20210831WOSS0,2,10,1,1,3,7,0,4
20210901HTOB1,0,1,3,2,5,13,0,3
20210901HTOB2,3,6,0,6,2,2,0,4
20210901KTHH0,8,10,1,9,3,7,1,3
20210901NCSK1,9,10,0,3,2,4,1,6
20210901NCSK2,4,6,1,5,9,13,1,8
20210901WOSS1,1,4,3,4,7,9,0,6
20210902KTWO0,0,1,0,5,1,8,1,4
20210902NCLG0,0,8,0,2,5,9,0,1
20210902OBSK0,1,5,0,4,10,13,0,6
20210902SSHT0,5,8,0,2,1,6,0,2
20210903HHLT1,3,8,0,6,6,9,0,5
20210903HHLT2,0,3,3,4,2,7,0,4
20210903KTWO0,11,17,1,3,1,2,3,4
20210903NCLG0,5,9,1,5,2,8,1,3
20210903OBSK0,1,2,1,3,3,10,1,2
20210903SSHT0,9,11,0,8,3,6,1,5
20210904HTHH0,2,8,0,2,6,10,0,10
20210904KTLG0,11,11,1,6,1,4,0,0
20210904LTNC0,8,12,2,8,2,5,1,2
20210904OBSS0,4,8,2,5,11,14,1,6
20210904SKWO0,2,7,2,0,9,10,0,5
20210905HTHH0,5,9,0,4,5,10,0,8
20210905KTLG0,11,14,0,4,0,4,0,2
20210905LTNC0,3,8,1,2,9,11,0,6
20210905OBSS0,6,11,1,3,5,11,2,6
20210905SKWO0,8,7,1,7,10,11,2,5
20210907HHNC0,4,10,1,2,16,10,2,11
20210907LTSS0,4,10,1,3,2,8,1,4
20210908HHNC0,3,7,1,7,1,6,2,1
20210908HTKT0,5,12,2,4,5,9,1,3
20210908LGSK0,3,8,0,8,5,5,0,9
20210908LTSS0,5,9,0,0,4,8,1,3
20210908WOOB0,1,8,1,1,7,11,0,7
20210909HHLG0,1,6,4,8,8,7,0,6
20210909HTWO0,3,10,0,4,5,12,1,3
20210909KTSS0,7,14,0,1,8,13,1,3
20210909OBNC0,6,6,0,3,2,5,1,2
20210909SKLT0,9,14,0,8,2,9,1,1
20210910HHLG0,0,2,0,2,2,3,0,4
20210910HTWO0,3,5,1,2,4,10,2,5
20210910KTSS0,2,5,2,4,2,5,1,7
20210910OBNC0,8,9,0,4,1,4,1,6
20210910SKLT0,3,4,0,3,4,10,0,2
20210911LGOB0,5,9,0,4,5,4,1,14
20210911NCHT0,3,8,1,3,5,11,1,4
20210911SKKT0,2,8,0,3,2,7,0,6
20210911SSHH0,5,11,1,3,4,11,0,3
20210911WOLT0,13,17,0,12,7,12,0,11
20210912LGOB1,5,14,1,8,8,13,0,6
20210912LGOB2,5,8,1,5,8,9,0,6
20210912NCHT1,8,10,1,1,2,8,0,1
20210912NCHT2,3,8,0,3,0,7,2,4
20210912SKKT1,0,7,0,0,10,12,0,7
20210912SKKT2,2,8,0,0,3,6,0,6
20210912SSHH1,3,5,1,2,3,9,1,2
20210912SSHH2,6,9,0,6,6,10,1,5
20210912WOLT1,8,14,0,2,3,7,2,3
20210912WOLT2,2,6,1,4,3,2,0,9
20210914HHSK0,11,13,1,8,5,11,1,1
20210914KTOB0,4,5,0,3,3,10,1,1
20210914LGSS0,3,9,1,3,3,8,0,3
20210914LTHT0,8,10,0,5,7,12,0,7
20210914WONC0,8,7,0,11,10,15,1,2
20210915HHSK0,6,8,0,5,9,11,0,9
20210915KTOB0,2,9,1,5,6,10,0,2
20210915LGSS0,5,10,1,6,2,7,1,6
20210915LTHT1,6,11,1,4,3,3,2,8
20210915LTHT2,3,11,3,3,5,8,0,7
20210915WONC0,2,9,2,3,13,18,1,7
20210916HHWO0,8,10,3,3,8,11,2,6
20210916HTSS0,6,12,1,6,5,8,1,2
20210916LGNC0,0,4,2,2,2,5,0,1
20210916LTKT0,4,8,0,4,7,13,0,2
20210916SKOB0,3,13,1,5,3,6,1,3
20210917HHWO0,15,16,1,8,5,6,2,7
20210917HTSS0,3,7,2,2,6,11,1,4
20210917LGNC0,4,6,1,2,6,8,1,2
20210917LTKT0,2,7,0,4,0,6,0,4
20210917SKOB0,2,5,2,2,7,11,1,3
20210918HTLG0,9,14,2,4,6,4,1,3
20210918KTNC0,8,8,0,7,1,6,1,1
20210918LTHH0,2,5,1,3,13,20,0,8
20210918OBWO0,3,10,2,2,3,11,0,4
20210918SSSK0,9,16,0,6,4,10,1,4
20210919HTLG0,3,6,0,2,4,8,1,2
20210919KTNC0,8,14,1,3,2,5,0,3
20210919LTHH0,3,9,1,4,1,6,0,3
20210919OBWO0,6,8,0,5,0,8,2,0
20210919SSSK0,4,9,0,4,4,10,0,5
20210921KTHT0,11,12,1,6,5,7,2,5
20210921LGHH0,6,9,1,8,15,15,1,8
20210921NCOB0,2,7,1,3,12,18,2,6
20210921SSLT0,11,14,1,7,9,17,0,3
20210921WOSK0,10,13,2,4,13,20,0,6
20210922KTHT0,2,6,2,2,7,8,1,5
20210922LGHH0,12,15,0,8,3,7,2,9
20210922NCOB0,0,7,1,4,8,16,0,3
20210922SSLT0,8,12,0,6,17,18,0,8
20210922WOSK0,7,8,4,6,7,11,1,4
20210923HHKT0,1,6,0,5,3,5,0,5
20210923LTSK0,8,14,0,6,9,17,1,2
20210923NCWO0,1,6,2,1,4,6,1,4
20210923OBHT0,3,9,0,8,1,3,2,8
20210923SSLG0,7,13,1,2,4,10,1,2
20210924HHKT0,4,8,1,3,1,6,1,1
20210924LTSK1,4,9,1,2,9,11,1,7
20210924LTSK2,6,9,0,6,6,12,0,7
20210924NCWO0,2,8,2,3,3,8,1,1
20210924OBHT0,8,16,1,3,2,6,0,2
20210924SSLG0,3,6,1,4,11,17,2,1
20210925HHOB0,5,7,0,5,1,4,2,4
20210925LGKT0,0,5,0,2,0,4,0,3
20210925LTWO0,12,18,0,7,6,11,0,4
20210925NCSS0,0,6,0,5,1,3,0,2
20210925SKHT0,1,6,0,5,7,8,0,4
20210926HHOB0,3,7,0,6,5,7,2,2
20210926LGKT0,4,7,0,1,0,3,1,5
20210926LTWO0,2,8,1,4,11,13,0,5
20210926NCSS0,0,5,1,1,1,5,0,2
20210926SKHT0,5,8,0,6,6,9,2,4
20210928HTNC0,9,15,1,4,10,8,1,8
20210928LTLG0,2,6,1,5,5,10,2,4
20210928OBKT0,1,6,0,2,5,9,1,2
20210928SKSS0,7,10,2,5,2,4,1,3
20210928WOHH0,1,4,0,3,1,6,2,4
20210929HTNC1,1,3,1,6,4,6,0,3
20210929OBKT0,8,14,0,1,3,7,1,4
20210930HHSS0,2,6,0,5,6,10,0,3
20210930KTLT0,4,7,1,9,8,14,0,2
20210930OBLG0,4,6,5,8,12,14,1,8
20210930SKNC0,2,6,1,3,6,9,2,1
20210930WOHT0,2,9,1,3,0,6,1,3
20211001HHSS0,8,9,0,8,2,7,2,3
20211001KTLT1,3,7,1,2,4,12,1,2
20211001KTLT2,2,10,0,6,3,6,1,4
20211001OBLG0,2,5,0,3,0,7,0,2
20211001SKNC0,3,7,0,10,3,5,1,6
20211001WOHT0,0,4,1,1,6,12,0,5
20211002HHHT0,4,10,1,4,4,9,0,6
20211002KTSK0,2,8,1,4,2,7,0,4
20211002LGWO0,10,19,2,2,3,8,0,6
20211002NCLT0,4,7,1,2,4,11,0,2
20211002SSOB0,0,4,0,0,6,13,0,4
20211003HHHT0,6,10,2,5,9,18,4,6
20211003KTSK0,8,17,2,8,6,7,2,5
20211003LGWO0,3,7,0,6,3,5,0,4
20211003NCLT0,7,12,3,6,11,13,0,7
20211003SSOB0,13,19,0,4,9,15,0,6
20211005HTLT0,3,8,1,7,13,17,0,3
20211005NCKT0,4,8,0,1,4,11,2,6
20211005OBHH0,3,10,0,2,4,5,2,6
20211005SKLG0,8,12,0,4,0,3,0,2
20211005SSWO0,2,7,1,3,8,11,1,3
20211006HTLT0,4,11,0,5,2,12,1,3
20211006NCKT0,4,4,0,3,2,7,4,3
20211006OBHH0,4,7,3,2,3,8,0,5
20211006SKLG1,1,6,1,7,4,8,0,2
20211006SKLG2,11,11,0,5,3,8,1,2
20211006SSWO0,9,15,0,7,3,10,1,1
20211007LGHT0,8,12,1,2,1,4,2,2
20211007LTOB0,7,14,1,3,2,4,2,4
20211007SKHH0,3,6,1,8,4,10,0,6
20211007SSNC0,5,7,0,8,4,8,0,2
20211007WOKT0,2,7,1,1,9,6,2,5
20211008LGHT0,2,8,0,2,2,5,0,5
20211008LTOB0,5,10,0,1,14,10,1,10
20211008SKHH0,7,7,0,14,3,6,2,1
20211008SSNC0,0,3,1,4,6,7,0,9
20211009HTHH0,6,10,0,7,4,5,0,8
20211009KTLG0,1,7,0,4,6,10,0,6
20211009LTSK0,0,3,1,4,2,3,0,3
20211010HTHH1,3,8,0,3,1,10,1,5
20211010HTHH2,5,13,3,3,0,5,0,2
20211010OBNC0,1,2,1,7,5,9,0,4
20211011KTLG0,4,5,0,10,2,7,1,4
20211012KTOB0,1,3,1,10,4,9,1,4
20211012LGSK0,4,6,1,4,4,5,0,4
20211012NCWO0,2,5,1,5,13,13,1,12
20211012SSHT0,2,4,0,7,1,4,0,1
20211013KTOB0,3,7,2,4,5,7,0,5
20211013LGLT0,4,8,0,3,4,14,0,3
20211013NCWO0,2,6,0,1,8,13,0,1
20211013SSHT0,5,9,0,2,3,10,0,4
20211014KTOB0,6,13,1,4,2,8,0,2
20211014LGLT0,13,14,1,7,3,7,1,3
20211014NCWO0,8,10,0,6,4,8,1,2
20211014SSHT0,2,3,1,5,5,9,2,5
20211015HTKT0,7,12,0,5,7,9,1,9
20211015LGLT0,2,9,1,3,4,12,2,3
20211015NCOB0,5,9,2,3,0,1,0,3
20211015WOSS0,2,7,1,1,0,3,0,1
20211016HHKT0,2,6,0,2,11,13,0,8
20211016HTOB0,6,9,2,5,4,11,1,3
20211016LGNC0,1,6,0,5,2,8,1,1
20211016SKLT0,8,11,1,9,4,10,0,6
20211016WOSS1,5,9,1,4,7,8,0,8
20211016WOSS2,4,8,0,6,5,10,0,3
20211017HHKT0,2,7,2,0,1,5,1,3
20211017HTOB1,3,9,1,7,3,6,0,6
20211017HTOB2,2,8,2,4,5,7,0,4
20211017LGNC1,11,11,0,7,1,6,2,2
20211017LGNC2,1,3,0,7,0,5,0,1
20211017SKLT1,14,18,1,11,4,13,1,2
20211017SKLT2,0,1,0,3,3,10,1,4
20211017WOSS0,3,10,2,1,6,11,1,3
20211019KTNC0,2,5,1,0,4,8,0,7
20211019OBSS0,5,13,1,6,0,5,0,1
20211019SKHT0,4,8,0,4,5,11,0,3
20211019WOLG0,5,11,1,1,4,6,1,6
20211020KTHT0,0,6,2,2,3,4,0,3
20211020NCSK0,7,12,0,8,7,7,0,2
20211020WOLG0,6,9,0,6,5,7,0,5
20211021HHHT0,13,11,0,13,2,9,1,4
20211021OBSK0,1,7,1,1,7,11,2,6
20211021WOLG0,5,10,1,4,5,10,0,4
20211022HHLT0,0,3,1,3,1,3,0,2
20211022HTNC0,5,8,0,8,3,6,0,4
20211022KTSS0,2,8,1,1,4,9,0,2
20211022OBSK0,6,11,1,5,12,17,1,7
20211023HHLT0,15,14,4,14,15,13,1,6
20211023HTNC1,7,14,1,4,4,7,0,4
20211023HTNC2,2,9,1,1,5,11,0,4
20211023KTSS0,0,4,0,3,4,11,0,1
20211023LGOB0,3,4,1,11,3,9,1,5
20211024HHLT0,2,7,1,2,3,10,0,0
20211024HTNC0,1,7,1,1,4,8,2,4
20211024LGOB1,4,5,2,11,5,9,0,4
20211024LGOB2,3,5,2,4,3,7,1,7
20211024SKSS0,3,4,1,2,3,7,2,5
20211024WOKT0,1,5,0,4,7,17,0,2
20211025LTLG0,4,10,1,2,4,7,0,1
20211025WOHH0,9,12,3,6,4,4,2,3
20211026LGHH0,4,7,0,3,0,3,0,4
20211026SKNC0,7,13,2,5,5,8,0,0
20211026WOOB0,2,8,0,2,7,8,0,5
20211027HTLT0,3,10,0,5,2,5,1,0
20211027LGHH0,9,11,0,6,1,4,3,6
20211027NCKT0,9,14,1,4,6,10,1,5
20211027OBSK0,8,9,0,8,5,7,1,8
20211027SSWO0,3,7,2,3,8,11,2,4
20211028HTLT0,5,6,1,4,3,9,0,4
20211028LGHH0,1,4,1,6,1,4,0,5
20211028NCKT1,1,8,0,1,1,9,0,5
20211028NCKT2,2,9,0,2,5,11,0,2
20211028OBSK0,3,9,0,5,4,4,1,2
20211029KTWO0,2,7,0,6,4,8,0,4
20211029LGLT0,4,7,0,7,1,9,0,2
20211029OBHT0,11,13,0,8,5,10,3,7
20211029SSNC0,1,7,0,3,3,7,2,2
20211030KTSK0,8,13,1,6,3,10,1,3
20211030LGLT0,2,3,0,7,4,9,0,4
20211030OBHH0,5,8,1,4,3,7,2,1
20211030SSNC0,11,12,0,7,5,10,1,4
20211030WOHT0,6,12,1,6,1,5,0,0
20211031KTSS0,1,2,1,2,0,2,1,3
